{"stats":{"minecraft:picked_up":{"minecraft:wheat":1,"minecraft:polished_diorite_slab":6,"minecraft:andesite":1,"minecraft:anvil":1,"minecraft:potato":3,"minecraft:blast_furnace":2,"minecraft:brewing_stand":2,"minecraft:white_bed":1,"minecraft:polished_deepslate":1,"minecraft:beetroot":1,"minecraft:granite":1,"minecraft:bricks":1},"minecraft:dropped":{"minecraft:iron_boots":1},"minecraft:crafted":{"minecraft:iron_chestplate":1},"minecraft:custom":{"minecraft:time_since_rest":1145,"minecraft:sprint_one_cm":43033,"lootr:looted_stat":20,"minecraft:damage_taken":10,"minecraft:walk_one_cm":27133,"minecraft:drop":1,"minecraft:interact_with_crafting_table":1,"minecraft:fly_one_cm":39547,"minecraft:open_barrel":1,"minecraft:crouch_one_cm":313,"minecraft:play_time":13002,"minecraft:sneak_time":41,"minecraft:walk_under_water_one_cm":208,"minecraft:jump":149,"minecraft:leave_game":2,"minecraft:walk_on_water_one_cm":1158,"minecraft:time_since_death":13002,"minecraft:sleep_in_bed":1,"minecraft:total_world_time":13002,"minecraft:fall_one_cm":4091},"minecraft:mined":{"minecraft:large_fern":1,"minecraft:white_bed":1,"minecraft:brewing_stand":2,"minecraft:anvil":1,"minecraft:granite":1,"minecraft:blast_furnace":2,"minecraft:polished_diorite_slab":3,"minecraft:bricks":1},"minecraft:used":{"minecraft:apple":1,"minecraft:bricks":1,"minecraft:polished_deepslate":1,"minecraft:bread":1,"minecraft:iron_pickaxe":10,"minecraft:polished_diorite_slab":6,"minecraft:iron_helmet":1,"minecraft:iron_boots":1,"minecraft:iron_chestplate":1,"minecraft:andesite":1,"minecraft:white_bed":1,"minecraft:granite":1}},"DataVersion":3120}