{"stats":{"minecraft:killed":{"minecraft:cave_spider":4,"born_in_chaos_v1:zombie_lumberjack":2,"born_in_chaos_v1:skeleton_demoman":1,"minecraft:spider":7,"born_in_chaos_v1:siamese_skeletonsright":1,"minecraft:skeleton":9,"minecraft:pig":9,"boh:rake":1,"minecraft:salmon":3,"minecraft:iron_golem":1,"minecraft:creeper":4,"minecraft:sheep":2,"minecraft:trader_llama":2,"minecraft:pillager":5,"born_in_chaos_v1:zombie_fisherman":1,"minecraft:zombie":5,"born_in_chaos_v1:dread_hound":1,"alexsmobs:fly":1,"endofherobrine:cow":1,"endofherobrine:pigman":1,"apollyon:the_damned":1,"minecraft:cow":6,"born_in_chaos_v1:siamese_skeletonsleft":1,"cotw:pietor":16,"alexsmobs:sugar_glider":1,"born_in_chaos_v1:maggot":4,"alexsmobs:bison":2,"born_in_chaos_v1:barrel_zombie":1,"rottencreatures:undead_miner":1,"midnightlurker:midnight_lurker_hider":1,"born_in_chaos_v1:decrepit_skeleton":1,"born_in_chaos_v1:phantom_creeper_copy":1,"born_in_chaos_v1:dark_vortex":1,"minecraft:villager":1},"minecraft:dropped":{"minecraft:birch_planks":1,"quark:permafrost":3,"minecraft:cooked_beef":2,"minecraft:crafting_table":3,"horror_element_mod:spider_head":1,"minecraft:red_carpet":36,"weeping_angels:kontron_ingot":5,"minecraft:bone":3,"minecraft:cobbled_deepslate":12,"minecraft:black_carpet":3,"minecraft:wheat":1,"minecraft:soul_lantern":1,"minecraft:deepslate_brick_slab":4,"minecraft:rotten_flesh":32,"minecraft:poppy":1,"minecraft:gunpowder":7,"horror_element_mod:blood_3":1,"minecraft:ladder":2,"comforts:sleeping_bag_white":1,"minecraft:iron_bars":2,"minecraft:arrow":8,"minecraft:stone_brick_stairs":2,"born_in_chaos_v1:marigolds":1,"minecraft:wheat_seeds":3,"minecraft:deepslate_brick_wall":1,"minecraft:prismarine_shard":4,"minecraft:oak_fence":4,"minecraft:cobblestone":12,"minecraft:lead":2,"minecraft:book":1,"minecraft:granite":2,"minecraft:tropical_fish":1,"minecraft:stick":6,"minecraft:diorite":3,"minecraft:torch":1,"minecraft:fire_charge":3,"minecraft:wither_rose":1,"minecraft:polished_basalt":9,"minecraft:smooth_stone":3,"minecraft:string":1,"minecraft:polished_deepslate":7,"minecraft:smooth_stone_slab":9,"minecraft:sticky_piston":1,"minecraft:tuff":1,"minecraft:spruce_fence":1,"minecraft:andesite":6,"minecraft:fire_coral":1,"minecraft:oak_sapling":6,"minecraft:spider_eye":1,"minecraft:stone_pickaxe":2},"minecraft:custom":{"minecraft:interact_with_crafting_table":47,"minecraft:open_barrel":11,"minecraft:leave_game":2,"minecraft:time_since_death":5096,"minecraft:sprint_one_cm":451825,"minecraft:damage_blocked_by_shield":4410,"minecraft:drop":84,"minecraft:talked_to_villager":3,"minecraft:play_time":182851,"minecraft:deaths":23,"minecraft:jump":3726,"minecraft:walk_on_water_one_cm":38330,"minecraft:interact_with_furnace":87,"minecraft:sleep_in_bed":14,"minecraft:damage_dealt":15574,"minecraft:player_kills":1,"minecraft:crouch_one_cm":4181,"minecraft:interact_with_smoker":36,"minecraft:mob_kills":100,"minecraft:damage_dealt_resisted":62,"minecraft:climb_one_cm":12699,"minecraft:walk_one_cm":440955,"minecraft:sneak_time":2183,"minecraft:walk_under_water_one_cm":21449,"minecraft:interact_with_blast_furnace":14,"minecraft:total_world_time":182851,"minecraft:time_since_rest":712,"minecraft:damage_taken":8274,"minecraft:damage_absorbed":39,"minecraft:trigger_trapped_chest":3,"minecraft:fly_one_cm":775427,"minecraft:swim_one_cm":69680,"minecraft:open_chest":24,"minecraft:fall_one_cm":121868},"minecraft:mined":{"minecraft:oak_sapling":3,"minecraft:obsidian":15,"minecraft:granite":2,"minecraft:grass_block":15,"minecraft:deepslate_bricks":1,"tacz:gun_smith_table":1,"minecraft:spawner":1,"comforts:sleeping_bag_white":1,"horror_element_mod:rotten_body":1,"minecraft:magma_block":1,"minecraft:sticky_piston":1,"minecraft:iron_ore":64,"minecraft:cobbled_deepslate":3,"minecraft:black_carpet":2,"minecraft:iron_bars":3,"horror_element_mod:crucified_body":3,"cotw:darkpotskull":2,"cotw:darkpotstar":3,"minecraft:piston_head":1,"minecraft:smoker":2,"born_in_chaos_v1:infected_deepslate_diamond_ore":1,"minecraft:torch":1,"minecraft:cobblestone":30,"minecraft:oak_planks":2,"minecraft:wall_torch":6,"minecraft:skeleton_skull":1,"minecraft:chain":1,"minecraft:birch_log":7,"horror_element_mod:spiked_villager":2,"minecraft:wheat":1,"minecraft:stone_brick_stairs":2,"minecraft:smooth_stone_slab":1,"minecraft:wither_rose":1,"minecraft:grass":6,"minecraft:dirt":4,"minecraft:wither_skeleton_skull":1,"born_in_chaos_v1:infernal_evil_pumpkin_s":1,"minecraft:netherrack":2,"cotw:darkpotknight":1,"minecraft:oak_leaves":8,"minecraft:deepslate":71,"minecraft:tuff":1,"horror_element_mod:blood_3":1,"minecraft:mossy_cobblestone":3,"minecraft:deepslate_diamond_ore":8,"minecraft:mangrove_roots":5,"born_in_chaos_v1:infected_diamond_ore":1,"born_in_chaos_v1:black_argillite":1,"minecraft:hay_block":2,"minecraft:furnace":4,"minecraft:andesite":6,"treechop:chopped_log":8,"minecraft:gold_block":5,"minecraft:deepslate_iron_ore":18,"cotw:darkpotcross":2,"quark:permafrost":3,"minecraft:stone":271,"cotw:darkpotburied":2,"minecraft:bone_block":2,"horror_element_mod:spider_head":1,"born_in_chaos_v1:marigolds":1,"minecraft:oak_fence":4,"minecraft:crafting_table":4,"cotw:darkpotrise":3,"minecraft:tall_grass":1,"endofherobrine:glowing_obsidian":1,"minecraft:copper_ore":17,"minecraft:deepslate_gold_ore":7,"minecraft:lapis_ore":1,"endofherobrine:mossy_stone_bricks":1,"minecraft:cracked_deepslate_bricks":1,"minecraft:diorite":3,"minecraft:birch_planks":4,"weeping_angels:kontron_ore":5,"minecraft:yellow_bed":1,"minecraft:red_wall_banner":1,"minecraft:black_wool":6,"minecraft:coal_ore":72,"minecraft:gravel":2,"minecraft:gray_carpet":1,"minecraft:cobweb":6,"minecraft:cracked_stone_bricks":1,"minecraft:polished_andesite":1,"minecraft:gold_ore":1},"minecraft:crafted":{"minecraft:smooth_stone":3,"minecraft:oak_planks":132,"minecraft:birch_wood":6,"minecraft:stone":3,"minecraft:cooked_mutton":3,"minecraft:iron_boots":1,"minecraft:smoker":1,"sophisticatedbackpacks:backpack":1,"minecraft:cooked_porkchop":16,"minecraft:crafting_table":9,"minecraft:wooden_pickaxe":1,"minecraft:copper_ingot":60,"minecraft:birch_planks":56,"minecraft:iron_chestplate":1,"minecraft:diamond_pickaxe":1,"minecraft:shield":3,"minecraft:stick":52,"quark:oak_chest":2,"minecraft:iron_ingot":83,"minecraft:iron_pickaxe":1,"minecraft:iron_block":1,"minecraft:stone_sword":1,"minecraft:gold_ingot":8,"minecraft:black_bed":2,"minecraft:oak_door":3,"comforts:sleeping_bag_white":1,"minecraft:furnace":1,"minecraft:blast_furnace":1,"minecraft:bone_meal":30,"minecraft:iron_axe":1,"minecraft:ladder":4,"minecraft:stone_pickaxe":3,"minecraft:wheat":18,"minecraft:cooked_beef":15,"tacz:gun_smith_table":1,"minecraft:bucket":1,"minecraft:bread":7,"minecraft:air":0,"minecraft:white_wool":1,"minecraft:wooden_axe":2,"minecraft:iron_leggings":1,"minecraft:torch":80},"minecraft:used":{"minecraft:moss_block":5,"minecraft:ladder":4,"minecraft:shield":76,"minecraft:iron_sword":132,"minecraft:rotten_flesh":4,"minecraft:iron_chestplate":1,"minecraft:magma_block":1,"minecraft:mangrove_roots":4,"minecraft:furnace":3,"minecraft:oak_sapling":14,"minecraft:stone_pickaxe":319,"minecraft:oak_planks":63,"minecraft:wooden_pickaxe":17,"minecraft:golden_apple":1,"minecraft:blast_furnace":1,"minecraft:black_bed":2,"minecraft:sticky_piston":1,"minecraft:bread":2,"minecraft:chain":1,"minecraft:bone_meal":19,"minecraft:experience_bottle":2,"minecraft:cobweb":5,"minecraft:stone_sword":126,"minecraft:iron_bars":1,"minecraft:acacia_log":2,"minecraft:cracked_deepslate_bricks":1,"tacz:gun_smith_table":2,"minecraft:netherrack":1,"minecraft:oak_door":1,"minecraft:torch":72,"minecraft:dirt":26,"minecraft:wooden_axe":83,"minecraft:iron_axe":25,"minecraft:iron_boots":1,"minecraft:barrel":1,"comforts:sleeping_bag_white":9,"minecraft:cooked_beef":10,"minecraft:cobbled_deepslate":55,"minecraft:iron_leggings":1,"minecraft:cooked_mutton":3,"minecraft:birch_planks":4,"horror_element_mod:slashed_skull":1,"minecraft:deepslate_bricks":1,"minecraft:cracked_stone_bricks":1,"minecraft:salmon":3,"minecraft:mossy_cobblestone":3,"horror_element_mod:spider_head":1,"minecraft:crafting_table":13,"minecraft:smoker":3,"minecraft:oak_log":2,"minecraft:diamond_pickaxe":234,"minecraft:apple":6,"minecraft:iron_pickaxe":94,"minecraft:cobblestone":242,"minecraft:cooked_porkchop":16,"minecraft:bucket":1,"alexsmobs:animal_dictionary":1,"minecraft:yellow_bed":1,"quark:oak_chest":1,"minecraft:wither_rose":1},"minecraft:killed_by":{"yeti:yeti":2,"endofherobrine:cow":1,"minecraft:creeper":3,"cotw:reaper":1,"quark:forgotten":1,"born_in_chaos_v1:corpse_fly":1,"minecraft:drowned":1,"sanitydim:rotting_stalker":1,"man:managgresive":1,"minecraft:cave_spider":2,"minecraft:zombie":2,"cavenoise_overhaul:cavenoise_overhaul":1,"thestarvedstalker:the_starved_stalker_aggro":1,"alexsmobs:centipede_head":2,"minecraft:skeleton":1},"minecraft:broken":{"minecraft:stone_pickaxe":2,"minecraft:wooden_axe":2,"minecraft:stone_sword":1,"minecraft:shield":1},"minecraft:picked_up":{"minecraft:black_carpet":3,"minecraft:prismarine_shard":4,"minecraft:lead":2,"minecraft:wither_rose":3,"minecraft:stone_brick_stairs":2,"born_in_chaos_v1:black_argillite":1,"minecraft:polished_deepslate":7,"minecraft:string":15,"minecraft:raw_copper":70,"horror_element_mod:blood_3":1,"minecraft:smooth_stone_slab":9,"minecraft:sticky_piston":2,"minecraft:cobbled_deepslate":81,"minecraft:smooth_stone":3,"comforts:sleeping_bag_white":10,"minecraft:furnace":4,"minecraft:stick":24,"minecraft:deepslate_brick_wall":1,"minecraft:oak_fence":4,"minecraft:torch":10,"minecraft:acacia_log":2,"minecraft:porkchop":25,"tacz:attachment":1,"minecraft:diorite":3,"alexsmobs:centipede_leg":2,"minecraft:rotten_flesh":38,"minecraft:tropical_fish":1,"minecraft:polished_basalt":9,"minecraft:mangrove_roots":4,"minecraft:obsidian":14,"minecraft:iron_bars":3,"minecraft:cobblestone":301,"minecraft:birch_log":22,"minecraft:magma_block":1,"minecraft:cooked_beef":3,"minecraft:andesite":6,"minecraft:smoker":2,"alexsmobs:bison_fur":1,"minecraft:flint":1,"minecraft:tuff":1,"minecraft:wither_skeleton_skull":1,"minecraft:lapis_lazuli":32,"minecraft:dirt":26,"weeping_angels:kontron_ingot":5,"born_in_chaos_v1:marigolds":1,"minecraft:bone":19,"minecraft:wheat_seeds":3,"minecraft:deepslate_brick_slab":4,"minecraft:raw_gold":9,"tacz:gun_smith_table":1,"horror_element_mod:spider_head":2,"minecraft:oak_planks":3,"minecraft:barrel":1,"minecraft:mossy_cobblestone":3,"minecraft:diamond":8,"minecraft:soul_lantern":1,"minecraft:granite":2,"minecraft:emerald":1,"minecraft:netherrack":1,"minecraft:oak_sapling":22,"born_in_chaos_v1:rotten_fish":2,"minecraft:charcoal":1,"minecraft:crafting_table":7,"minecraft:ladder":2,"minecraft:gold_block":5,"minecraft:chain":1,"minecraft:fire_coral":1,"tacz:ammo":360,"minecraft:cracked_stone_bricks":1,"minecraft:beef":21,"quark:permafrost":3,"minecraft:iron_nugget":8,"minecraft:poppy":1,"minecraft:birch_sapling":6,"minecraft:raw_iron":83,"cotw:witherstone":2,"minecraft:spruce_fence":1,"minecraft:arrow":8,"minecraft:deepslate_bricks":1,"minecraft:hay_block":2,"minecraft:cracked_deepslate_bricks":1,"minecraft:mutton":3,"minecraft:bone_block":2,"minecraft:skeleton_skull":1,"minecraft:white_wool":2,"born_in_chaos_v1:fused_bone":2,"born_in_chaos_v1:corpse_maggot":3,"born_in_chaos_v1:monster_flesh":1,"minecraft:glow_ink_sac":1,"minecraft:salmon":3,"minecraft:leather":7,"minecraft:birch_planks":4,"minecraft:oak_log":38,"minecraft:yellow_bed":1,"minecraft:gunpowder":5,"minecraft:red_carpet":36,"minecraft:apple":6,"minecraft:iron_ingot":3,"minecraft:stone_pickaxe":1,"minecraft:soul_sand":3,"minecraft:book":13,"born_in_chaos_v1:ethereal_spirit":1,"minecraft:gravel":2,"born_in_chaos_v1:dark_rod":2,"minecraft:red_banner":1,"minecraft:spruce_log":2,"minecraft:spider_eye":2,"tacz:modern_kinetic_gun":1,"knight_quest:kq_great_essence":1,"minecraft:black_wool":6,"minecraft:coal":114}},"DataVersion":3120}