{"stats":{"minecraft:killed":{"cotw:pietor":16,"born_in_chaos_v1:zombie_lumberjack":1,"minecraft:spider":3,"born_in_chaos_v1:siamese_skeletonsright":1,"alexsmobs:sugar_glider":1,"born_in_chaos_v1:maggot":4,"minecraft:skeleton":3,"alexsmobs:bison":1,"born_in_chaos_v1:barrel_zombie":1,"rottencreatures:undead_miner":1,"minecraft:pig":3,"minecraft:salmon":3,"minecraft:creeper":1,"minecraft:sheep":2,"born_in_chaos_v1:zombie_fisherman":1,"minecraft:zombie":4,"endofherobrine:cow":1,"minecraft:villager":1,"born_in_chaos_v1:siamese_skeletonsleft":1,"minecraft:cow":4},"minecraft:dropped":{"minecraft:birch_planks":1,"minecraft:wheat_seeds":3,"minecraft:crafting_table":3,"minecraft:prismarine_shard":4,"minecraft:cobblestone":1,"horror_element_mod:spider_head":1,"minecraft:granite":2,"minecraft:tropical_fish":1,"minecraft:red_carpet":36,"minecraft:stick":6,"minecraft:diorite":3,"minecraft:torch":1,"minecraft:wither_rose":1,"minecraft:string":1,"minecraft:bone":1,"minecraft:cobbled_deepslate":12,"minecraft:smooth_stone_slab":1,"minecraft:black_carpet":3,"minecraft:tuff":1,"minecraft:rotten_flesh":22,"minecraft:gunpowder":7,"minecraft:andesite":6,"minecraft:fire_coral":1,"horror_element_mod:blood_3":1,"minecraft:oak_sapling":4,"comforts:sleeping_bag_white":1,"minecraft:iron_bars":2,"minecraft:stone_pickaxe":2,"born_in_chaos_v1:marigolds":1},"minecraft:custom":{"minecraft:mob_kills":52,"minecraft:interact_with_crafting_table":36,"minecraft:open_barrel":5,"minecraft:damage_dealt_resisted":62,"minecraft:leave_game":1,"minecraft:time_since_death":1680,"minecraft:climb_one_cm":4373,"minecraft:sprint_one_cm":269222,"minecraft:walk_one_cm":271901,"minecraft:damage_blocked_by_shield":3950,"minecraft:drop":49,"minecraft:play_time":107320,"minecraft:deaths":13,"minecraft:sneak_time":1483,"minecraft:walk_under_water_one_cm":20794,"minecraft:jump":2002,"minecraft:walk_on_water_one_cm":27744,"minecraft:total_world_time":107320,"minecraft:interact_with_furnace":49,"minecraft:sleep_in_bed":7,"minecraft:time_since_rest":1705,"minecraft:damage_taken":4290,"minecraft:trigger_trapped_chest":2,"minecraft:damage_dealt":11197,"minecraft:swim_one_cm":60266,"minecraft:fly_one_cm":406921,"minecraft:open_chest":7,"minecraft:crouch_one_cm":2954,"minecraft:interact_with_smoker":20,"minecraft:fall_one_cm":54899},"minecraft:mined":{"minecraft:tuff":1,"horror_element_mod:blood_3":1,"minecraft:mossy_cobblestone":3,"minecraft:deepslate_diamond_ore":6,"minecraft:mangrove_roots":5,"minecraft:granite":2,"minecraft:grass_block":5,"minecraft:deepslate_bricks":1,"minecraft:spawner":1,"horror_element_mod:rotten_body":1,"minecraft:furnace":3,"minecraft:cobbled_deepslate":1,"minecraft:iron_ore":31,"minecraft:andesite":6,"minecraft:black_carpet":1,"treechop:chopped_log":7,"minecraft:deepslate_iron_ore":4,"minecraft:iron_bars":3,"horror_element_mod:crucified_body":2,"cotw:darkpotcross":2,"minecraft:stone":245,"cotw:darkpotburied":2,"minecraft:bone_block":2,"horror_element_mod:spider_head":1,"cotw:darkpotskull":2,"cotw:darkpotstar":3,"born_in_chaos_v1:marigolds":1,"minecraft:smoker":2,"minecraft:crafting_table":4,"minecraft:torch":1,"cotw:darkpotrise":3,"minecraft:cobblestone":27,"minecraft:copper_ore":10,"minecraft:oak_planks":2,"minecraft:diorite":3,"minecraft:wall_torch":6,"minecraft:skeleton_skull":1,"minecraft:chain":1,"minecraft:birch_log":7,"minecraft:wheat":1,"horror_element_mod:spiked_villager":2,"weeping_angels:kontron_ore":4,"minecraft:yellow_bed":1,"minecraft:wither_rose":1,"minecraft:red_wall_banner":1,"minecraft:smooth_stone_slab":1,"minecraft:black_wool":6,"minecraft:grass":6,"minecraft:coal_ore":39,"minecraft:dirt":4,"minecraft:cobweb":5,"minecraft:wither_skeleton_skull":1,"born_in_chaos_v1:infernal_evil_pumpkin_s":1,"minecraft:deepslate":11,"minecraft:oak_leaves":3,"cotw:darkpotknight":1},"minecraft:crafted":{"minecraft:oak_door":3,"minecraft:oak_planks":124,"minecraft:birch_wood":6,"comforts:sleeping_bag_white":1,"minecraft:furnace":1,"minecraft:bone_meal":18,"minecraft:cooked_mutton":3,"minecraft:iron_boots":1,"minecraft:iron_axe":1,"minecraft:ladder":4,"minecraft:stone_pickaxe":3,"minecraft:smoker":1,"minecraft:cooked_beef":10,"minecraft:cooked_porkchop":7,"minecraft:crafting_table":7,"minecraft:wooden_pickaxe":1,"minecraft:birch_planks":56,"minecraft:air":0,"minecraft:iron_chestplate":1,"minecraft:white_wool":1,"minecraft:diamond_pickaxe":1,"minecraft:shield":3,"quark:oak_chest":1,"minecraft:stick":52,"minecraft:iron_pickaxe":1,"minecraft:iron_ingot":32,"minecraft:wooden_axe":2,"minecraft:stone_sword":1,"minecraft:iron_leggings":1,"minecraft:torch":80},"minecraft:used":{"minecraft:moss_block":5,"minecraft:iron_bars":1,"minecraft:stone_sword":126,"minecraft:acacia_log":2,"minecraft:ladder":4,"minecraft:shield":65,"minecraft:iron_sword":61,"minecraft:rotten_flesh":4,"minecraft:iron_chestplate":1,"minecraft:oak_door":1,"minecraft:torch":69,"minecraft:dirt":16,"minecraft:wooden_axe":83,"minecraft:iron_axe":6,"minecraft:iron_boots":1,"minecraft:barrel":1,"minecraft:mangrove_roots":4,"minecraft:oak_sapling":7,"minecraft:furnace":3,"minecraft:cobbled_deepslate":5,"comforts:sleeping_bag_white":5,"minecraft:cooked_beef":3,"minecraft:iron_leggings":1,"minecraft:cooked_mutton":3,"minecraft:oak_planks":52,"minecraft:stone_pickaxe":319,"horror_element_mod:slashed_skull":1,"minecraft:wooden_pickaxe":17,"minecraft:deepslate_bricks":1,"minecraft:salmon":3,"minecraft:mossy_cobblestone":3,"horror_element_mod:spider_head":1,"minecraft:crafting_table":11,"minecraft:smoker":3,"minecraft:oak_log":2,"minecraft:apple":2,"minecraft:bread":1,"minecraft:iron_pickaxe":85,"minecraft:cobblestone":235,"minecraft:cooked_porkchop":7,"quark:oak_chest":1,"minecraft:yellow_bed":1,"minecraft:chain":1,"minecraft:wither_rose":1,"alexsmobs:animal_dictionary":1,"minecraft:cobweb":5},"minecraft:killed_by":{"yeti:yeti":1,"thestarvedstalker:the_starved_stalker_aggro":1,"endofherobrine:cow":1,"minecraft:creeper":1,"cotw:reaper":1,"quark:forgotten":1,"born_in_chaos_v1:corpse_fly":1,"minecraft:drowned":1,"alexsmobs:centipede_head":2,"minecraft:skeleton":1,"minecraft:zombie":1,"cavenoise_overhaul:cavenoise_overhaul":1},"minecraft:broken":{"minecraft:stone_sword":1,"minecraft:stone_pickaxe":2,"minecraft:shield":1,"minecraft:wooden_axe":2},"minecraft:picked_up":{"minecraft:charcoal":1,"minecraft:crafting_table":7,"minecraft:black_carpet":3,"minecraft:prismarine_shard":4,"minecraft:wither_rose":2,"minecraft:chain":1,"minecraft:fire_coral":1,"minecraft:string":8,"minecraft:raw_copper":39,"minecraft:smooth_stone_slab":1,"horror_element_mod:blood_3":1,"minecraft:cobbled_deepslate":17,"comforts:sleeping_bag_white":6,"minecraft:beef":16,"minecraft:iron_nugget":8,"minecraft:birch_sapling":6,"minecraft:furnace":3,"cotw:witherstone":2,"minecraft:stick":22,"minecraft:raw_iron":36,"minecraft:torch":10,"minecraft:acacia_log":2,"minecraft:porkchop":13,"minecraft:diorite":3,"alexsmobs:centipede_leg":2,"minecraft:arrow":2,"minecraft:rotten_flesh":28,"minecraft:tropical_fish":1,"minecraft:deepslate_bricks":1,"minecraft:mangrove_roots":4,"minecraft:cobblestone":270,"minecraft:mutton":3,"minecraft:iron_bars":3,"minecraft:white_wool":2,"minecraft:skeleton_skull":1,"minecraft:bone_block":2,"born_in_chaos_v1:fused_bone":2,"minecraft:birch_log":22,"born_in_chaos_v1:corpse_maggot":3,"minecraft:cooked_beef":3,"minecraft:salmon":3,"minecraft:andesite":6,"minecraft:leather":3,"minecraft:smoker":2,"alexsmobs:bison_fur":1,"minecraft:tuff":1,"minecraft:oak_log":33,"minecraft:yellow_bed":1,"minecraft:gunpowder":2,"minecraft:wither_skeleton_skull":1,"minecraft:lapis_lazuli":20,"minecraft:dirt":16,"weeping_angels:kontron_ingot":4,"born_in_chaos_v1:marigolds":1,"minecraft:red_carpet":36,"minecraft:bone":8,"minecraft:apple":6,"minecraft:wheat_seeds":3,"minecraft:stone_pickaxe":1,"minecraft:oak_planks":2,"horror_element_mod:spider_head":2,"minecraft:soul_sand":3,"minecraft:book":1,"minecraft:red_banner":1,"minecraft:barrel":1,"minecraft:spider_eye":1,"minecraft:mossy_cobblestone":3,"minecraft:diamond":6,"minecraft:granite":2,"knight_quest:kq_great_essence":1,"born_in_chaos_v1:rotten_fish":2,"minecraft:oak_sapling":13,"minecraft:black_wool":6,"minecraft:coal":75}},"DataVersion":3120}