{"stats":{"minecraft:killed":{"cotw:pietor":6,"minecraft:pig":3,"born_in_chaos_v1:zombie_lumberjack":1,"minecraft:salmon":3,"born_in_chaos_v1:siamese_skeletonsright":1,"alexsmobs:sugar_glider":1,"born_in_chaos_v1:maggot":4,"minecraft:sheep":2,"minecraft:zombie":2,"endofherobrine:cow":1,"minecraft:cow":2,"born_in_chaos_v1:siamese_skeletonsleft":1},"minecraft:dropped":{"minecraft:wheat_seeds":1,"minecraft:cobbled_deepslate":1,"minecraft:crafting_table":3,"minecraft:cobblestone":1,"minecraft:rotten_flesh":9,"minecraft:granite":2,"minecraft:diorite":3,"minecraft:torch":1,"horror_element_mod:blood_3":1,"minecraft:stone_pickaxe":1,"minecraft:string":1,"born_in_chaos_v1:marigolds":1},"minecraft:crafted":{"minecraft:birch_wood":6,"minecraft:cooked_porkchop":7,"minecraft:crafting_table":4,"comforts:sleeping_bag_white":1,"minecraft:wooden_pickaxe":1,"minecraft:bone_meal":18,"minecraft:birch_planks":56,"minecraft:cooked_mutton":3,"minecraft:air":0,"minecraft:white_wool":1,"minecraft:stick":16,"minecraft:stone_pickaxe":2,"minecraft:wooden_axe":2,"minecraft:stone_sword":1,"minecraft:torch":48,"minecraft:smoker":1},"minecraft:mined":{"horror_element_mod:blood_3":1,"born_in_chaos_v1:marigolds":1,"minecraft:mossy_cobblestone":3,"minecraft:smoker":1,"minecraft:mangrove_roots":5,"minecraft:granite":2,"minecraft:crafting_table":3,"minecraft:torch":1,"minecraft:grass_block":5,"minecraft:deepslate_bricks":1,"minecraft:copper_ore":10,"minecraft:diorite":3,"minecraft:wall_torch":4,"minecraft:skeleton_skull":1,"horror_element_mod:rotten_body":1,"minecraft:furnace":2,"minecraft:iron_ore":6,"minecraft:birch_log":7,"minecraft:cobbled_deepslate":1,"horror_element_mod:spiked_villager":1,"weeping_angels:kontron_ore":3,"minecraft:andesite":6,"minecraft:black_carpet":1,"treechop:chopped_log":2,"minecraft:smooth_stone_slab":1,"minecraft:grass":4,"minecraft:coal_ore":22,"minecraft:iron_bars":1,"minecraft:dirt":4,"horror_element_mod:crucified_body":1,"minecraft:cobweb":5,"minecraft:stone":154,"born_in_chaos_v1:infernal_evil_pumpkin_s":1,"minecraft:oak_leaves":1,"minecraft:bone_block":2,"horror_element_mod:spider_head":1},"minecraft:custom":{"minecraft:interact_with_furnace":8,"minecraft:mob_kills":27,"minecraft:interact_with_crafting_table":13,"minecraft:damage_dealt_resisted":62,"minecraft:leave_game":1,"minecraft:time_since_death":6167,"minecraft:sleep_in_bed":1,"minecraft:climb_one_cm":1376,"minecraft:time_since_rest":6201,"minecraft:sprint_one_cm":155874,"minecraft:damage_taken":1800,"minecraft:walk_one_cm":113143,"minecraft:trigger_trapped_chest":2,"minecraft:drop":15,"minecraft:damage_dealt":4257,"minecraft:swim_one_cm":53989,"minecraft:fly_one_cm":200201,"minecraft:crouch_one_cm":1583,"minecraft:play_time":52450,"minecraft:deaths":6,"minecraft:sneak_time":870,"minecraft:walk_under_water_one_cm":15271,"minecraft:jump":965,"minecraft:walk_on_water_one_cm":19413,"minecraft:interact_with_smoker":5,"minecraft:total_world_time":52450,"minecraft:fall_one_cm":29805},"minecraft:used":{"minecraft:moss_block":5,"minecraft:cooked_mutton":3,"minecraft:iron_bars":1,"minecraft:stone_sword":64,"minecraft:acacia_log":2,"minecraft:stone_pickaxe":211,"horror_element_mod:slashed_skull":1,"minecraft:wooden_pickaxe":17,"minecraft:deepslate_bricks":1,"minecraft:rotten_flesh":4,"minecraft:salmon":3,"minecraft:torch":52,"minecraft:mossy_cobblestone":3,"minecraft:dirt":7,"horror_element_mod:spider_head":1,"minecraft:crafting_table":7,"minecraft:smoker":2,"minecraft:wooden_axe":37,"minecraft:cobblestone":19,"minecraft:mangrove_roots":4,"minecraft:furnace":1,"minecraft:cooked_porkchop":2,"comforts:sleeping_bag_white":1,"alexsmobs:animal_dictionary":1,"minecraft:cobweb":5},"minecraft:killed_by":{"yeti:yeti":1,"endofherobrine:cow":1,"minecraft:zombie":1,"born_in_chaos_v1:corpse_fly":1,"minecraft:drowned":1,"cavenoise_overhaul:cavenoise_overhaul":1},"minecraft:broken":{"minecraft:stone_pickaxe":1,"minecraft:wooden_axe":1},"minecraft:picked_up":{"minecraft:birch_log":22,"born_in_chaos_v1:corpse_maggot":3,"minecraft:crafting_table":6,"minecraft:cooked_beef":3,"minecraft:andesite":6,"minecraft:salmon":3,"minecraft:leather":2,"minecraft:smoker":1,"minecraft:lapis_lazuli":6,"minecraft:dirt":7,"minecraft:string":5,"minecraft:raw_copper":39,"weeping_angels:kontron_ingot":3,"horror_element_mod:blood_3":1,"born_in_chaos_v1:marigolds":1,"minecraft:apple":1,"minecraft:wheat_seeds":1,"minecraft:cobbled_deepslate":1,"comforts:sleeping_bag_white":1,"minecraft:stone_pickaxe":1,"minecraft:beef":3,"minecraft:birch_sapling":6,"horror_element_mod:spider_head":1,"minecraft:furnace":2,"minecraft:stick":7,"minecraft:raw_iron":6,"minecraft:torch":8,"minecraft:acacia_log":2,"minecraft:porkchop":13,"minecraft:diorite":3,"minecraft:mossy_cobblestone":3,"minecraft:rotten_flesh":15,"minecraft:deepslate_bricks":1,"minecraft:granite":2,"minecraft:mangrove_roots":4,"minecraft:iron_bars":1,"minecraft:mutton":3,"minecraft:white_wool":2,"minecraft:bone_block":2,"minecraft:coal":57,"minecraft:skeleton_skull":1,"minecraft:cobblestone":153,"born_in_chaos_v1:fused_bone":2}},"DataVersion":3120}