{"stats":{"minecraft:crafted":{"minecraft:birch_planks":52,"minecraft:crafting_table":1,"minecraft:wooden_axe":1},"minecraft:mined":{"minecraft:grass":1,"minecraft:grass_block":2,"treechop:chopped_log":2},"minecraft:custom":{"minecraft:time_since_rest":4242,"minecraft:crouch_one_cm":341,"minecraft:play_time":4242,"minecraft:sprint_one_cm":8583,"minecraft:damage_taken":20,"minecraft:walk_one_cm":5944,"minecraft:sneak_time":97,"minecraft:jump":20,"minecraft:time_since_death":4242,"minecraft:total_world_time":4242,"minecraft:interact_with_crafting_table":1,"minecraft:fall_one_cm":879,"minecraft:fly_one_cm":2480},"minecraft:used":{"minecraft:wooden_axe":2,"minecraft:dirt":2,"minecraft:crafting_table":1},"minecraft:picked_up":{"minecraft:birch_log":14,"minecraft:stick":5,"minecraft:birch_sapling":3,"minecraft:dirt":2}},"DataVersion":3120}