{"stats":{"minecraft:killed":{"cotw:pietor":15,"born_in_chaos_v1:zombie_lumberjack":1,"minecraft:spider":3,"born_in_chaos_v1:siamese_skeletonsright":1,"alexsmobs:sugar_glider":1,"born_in_chaos_v1:maggot":4,"minecraft:pig":3,"minecraft:salmon":3,"minecraft:sheep":2,"minecraft:zombie":2,"endofherobrine:cow":1,"born_in_chaos_v1:siamese_skeletonsleft":1,"minecraft:cow":2},"minecraft:dropped":{"minecraft:wheat_seeds":1,"minecraft:crafting_table":3,"minecraft:cobblestone":1,"minecraft:granite":2,"minecraft:diorite":3,"minecraft:torch":1,"minecraft:string":1,"minecraft:cobbled_deepslate":1,"minecraft:rotten_flesh":9,"horror_element_mod:blood_3":1,"minecraft:stone_pickaxe":1,"born_in_chaos_v1:marigolds":1},"minecraft:crafted":{"minecraft:birch_wood":6,"comforts:sleeping_bag_white":1,"minecraft:bone_meal":18,"minecraft:cooked_mutton":3,"minecraft:stone_pickaxe":2,"minecraft:smoker":1,"minecraft:cooked_porkchop":7,"minecraft:crafting_table":5,"minecraft:wooden_pickaxe":1,"minecraft:birch_planks":56,"minecraft:air":0,"minecraft:white_wool":1,"minecraft:shield":2,"minecraft:stick":24,"minecraft:wooden_axe":2,"minecraft:stone_sword":1,"minecraft:torch":80},"minecraft:custom":{"minecraft:mob_kills":39,"minecraft:interact_with_crafting_table":14,"minecraft:open_barrel":3,"minecraft:damage_dealt_resisted":62,"minecraft:leave_game":1,"minecraft:time_since_death":13037,"minecraft:climb_one_cm":1376,"minecraft:sprint_one_cm":168445,"minecraft:walk_one_cm":139297,"minecraft:damage_blocked_by_shield":200,"minecraft:drop":15,"minecraft:play_time":59320,"minecraft:deaths":6,"minecraft:sneak_time":886,"minecraft:walk_under_water_one_cm":15271,"minecraft:jump":1051,"minecraft:walk_on_water_one_cm":19413,"minecraft:total_world_time":59320,"minecraft:interact_with_furnace":8,"minecraft:sleep_in_bed":1,"minecraft:time_since_rest":13071,"minecraft:damage_taken":2400,"minecraft:trigger_trapped_chest":2,"minecraft:damage_dealt":6757,"minecraft:swim_one_cm":53989,"minecraft:fly_one_cm":211764,"minecraft:open_chest":4,"minecraft:crouch_one_cm":1583,"minecraft:interact_with_smoker":5,"minecraft:fall_one_cm":30618},"minecraft:mined":{"horror_element_mod:blood_3":1,"minecraft:mossy_cobblestone":3,"minecraft:mangrove_roots":5,"minecraft:granite":2,"minecraft:grass_block":5,"minecraft:deepslate_bricks":1,"minecraft:spawner":1,"horror_element_mod:rotten_body":1,"minecraft:furnace":2,"minecraft:cobbled_deepslate":1,"minecraft:iron_ore":13,"minecraft:andesite":6,"minecraft:black_carpet":1,"treechop:chopped_log":2,"minecraft:iron_bars":1,"horror_element_mod:crucified_body":1,"cotw:darkpotcross":2,"minecraft:stone":155,"cotw:darkpotburied":1,"minecraft:bone_block":2,"horror_element_mod:spider_head":1,"cotw:darkpotskull":2,"cotw:darkpotstar":3,"born_in_chaos_v1:marigolds":1,"minecraft:smoker":1,"minecraft:crafting_table":3,"minecraft:torch":1,"cotw:darkpotrise":1,"minecraft:copper_ore":10,"minecraft:diorite":3,"minecraft:wall_torch":6,"minecraft:skeleton_skull":1,"minecraft:birch_log":7,"horror_element_mod:spiked_villager":1,"weeping_angels:kontron_ore":3,"minecraft:red_wall_banner":1,"minecraft:smooth_stone_slab":1,"minecraft:grass":4,"minecraft:coal_ore":22,"minecraft:dirt":4,"minecraft:cobweb":5,"minecraft:wither_skeleton_skull":1,"born_in_chaos_v1:infernal_evil_pumpkin_s":1,"minecraft:oak_leaves":1,"cotw:darkpotknight":1},"minecraft:used":{"minecraft:moss_block":5,"minecraft:iron_bars":1,"minecraft:stone_sword":119,"minecraft:acacia_log":2,"minecraft:shield":6,"minecraft:rotten_flesh":4,"minecraft:torch":61,"minecraft:dirt":7,"minecraft:wooden_axe":42,"minecraft:mangrove_roots":4,"minecraft:furnace":1,"comforts:sleeping_bag_white":1,"minecraft:cooked_beef":2,"minecraft:cooked_mutton":3,"minecraft:stone_pickaxe":224,"horror_element_mod:slashed_skull":1,"minecraft:wooden_pickaxe":17,"minecraft:deepslate_bricks":1,"minecraft:salmon":3,"minecraft:mossy_cobblestone":3,"horror_element_mod:spider_head":1,"minecraft:crafting_table":8,"minecraft:smoker":2,"minecraft:bread":1,"minecraft:cobblestone":25,"minecraft:cooked_porkchop":6,"alexsmobs:animal_dictionary":1,"minecraft:cobweb":5},"minecraft:killed_by":{"yeti:yeti":1,"endofherobrine:cow":1,"born_in_chaos_v1:corpse_fly":1,"minecraft:drowned":1,"minecraft:zombie":1,"cavenoise_overhaul:cavenoise_overhaul":1},"minecraft:broken":{"minecraft:stone_pickaxe":1,"minecraft:wooden_axe":1},"minecraft:picked_up":{"minecraft:crafting_table":6,"minecraft:string":8,"minecraft:raw_copper":39,"horror_element_mod:blood_3":1,"minecraft:cobbled_deepslate":1,"comforts:sleeping_bag_white":1,"minecraft:beef":3,"minecraft:iron_nugget":8,"minecraft:birch_sapling":6,"minecraft:furnace":2,"cotw:witherstone":1,"minecraft:stick":7,"minecraft:raw_iron":13,"minecraft:torch":10,"minecraft:acacia_log":2,"minecraft:porkchop":13,"minecraft:diorite":3,"minecraft:rotten_flesh":15,"minecraft:deepslate_bricks":1,"minecraft:mangrove_roots":4,"minecraft:cobblestone":154,"minecraft:mutton":3,"minecraft:iron_bars":1,"minecraft:white_wool":2,"minecraft:skeleton_skull":1,"minecraft:bone_block":2,"born_in_chaos_v1:fused_bone":2,"minecraft:birch_log":22,"born_in_chaos_v1:corpse_maggot":3,"minecraft:cooked_beef":3,"minecraft:salmon":3,"minecraft:andesite":6,"minecraft:leather":2,"minecraft:smoker":1,"minecraft:wither_skeleton_skull":1,"minecraft:lapis_lazuli":18,"minecraft:dirt":7,"weeping_angels:kontron_ingot":3,"born_in_chaos_v1:marigolds":1,"minecraft:bone":5,"minecraft:apple":1,"minecraft:wheat_seeds":1,"minecraft:stone_pickaxe":1,"horror_element_mod:spider_head":1,"minecraft:soul_sand":1,"minecraft:red_banner":1,"minecraft:spider_eye":1,"minecraft:mossy_cobblestone":3,"minecraft:granite":2,"knight_quest:kq_great_essence":1,"minecraft:coal":57}},"DataVersion":3120}