{"stats":{"minecraft:killed":{"minecraft:salmon":3,"alexsmobs:sugar_glider":1},"minecraft:dropped":{"minecraft:rotten_flesh":1},"minecraft:crafted":{"minecraft:crafting_table":2,"minecraft:stick":4,"minecraft:wooden_axe":1,"minecraft:wooden_pickaxe":1,"minecraft:stone_pickaxe":1,"minecraft:torch":16,"minecraft:birch_planks":52},"minecraft:mined":{"born_in_chaos_v1:marigolds":1,"minecraft:mossy_cobblestone":3,"weeping_angels:kontron_ore":3,"treechop:chopped_log":2,"minecraft:black_carpet":1,"minecraft:crafting_table":1,"minecraft:grass":1,"minecraft:grass_block":3,"minecraft:coal_ore":18,"minecraft:dirt":2,"minecraft:stone":20},"minecraft:custom":{"minecraft:time_since_rest":2034,"minecraft:sprint_one_cm":53050,"minecraft:damage_taken":320,"minecraft:walk_one_cm":31458,"minecraft:mob_kills":4,"minecraft:drop":1,"minecraft:damage_dealt":240,"minecraft:interact_with_crafting_table":3,"minecraft:swim_one_cm":15018,"minecraft:fly_one_cm":46483,"minecraft:crouch_one_cm":545,"minecraft:play_time":16242,"minecraft:deaths":1,"minecraft:sneak_time":305,"minecraft:walk_under_water_one_cm":13528,"minecraft:jump":268,"minecraft:time_since_death":2008,"minecraft:walk_on_water_one_cm":7204,"minecraft:total_world_time":16242,"minecraft:climb_one_cm":422,"minecraft:fall_one_cm":10411},"minecraft:used":{"minecraft:wooden_axe":11,"minecraft:stone_pickaxe":31,"minecraft:wooden_pickaxe":13,"minecraft:torch":1,"minecraft:salmon":1,"minecraft:mossy_cobblestone":3,"minecraft:dirt":5,"minecraft:cobblestone":14,"minecraft:crafting_table":3},"minecraft:killed_by":{"minecraft:drowned":1},"minecraft:picked_up":{"minecraft:birch_log":14,"minecraft:stick":6,"minecraft:crafting_table":1,"minecraft:salmon":3,"minecraft:mossy_cobblestone":3,"minecraft:dirt":5,"weeping_angels:kontron_ingot":3,"born_in_chaos_v1:marigolds":1,"minecraft:rotten_flesh":1,"minecraft:birch_sapling":4,"minecraft:coal":18,"minecraft:cobblestone":20}},"DataVersion":3120}