{"stats":{"minecraft:killed":{"minecraft:pig":3,"born_in_chaos_v1:zombie_lumberjack":1,"minecraft:salmon":3,"born_in_chaos_v1:siamese_skeletonsright":1,"alexsmobs:sugar_glider":1,"born_in_chaos_v1:siamese_skeletonsleft":1},"minecraft:dropped":{"minecraft:cobbled_deepslate":1,"minecraft:crafting_table":2,"minecraft:cobblestone":1,"minecraft:rotten_flesh":9,"born_in_chaos_v1:marigolds":1},"minecraft:crafted":{"minecraft:cooked_porkchop":1,"minecraft:crafting_table":4,"minecraft:wooden_pickaxe":1,"minecraft:bone_meal":18,"minecraft:birch_planks":56,"minecraft:air":0,"minecraft:white_wool":1,"minecraft:stick":8,"minecraft:stone_pickaxe":1,"minecraft:wooden_axe":1,"minecraft:stone_sword":1,"minecraft:torch":16},"minecraft:mined":{"born_in_chaos_v1:marigolds":1,"minecraft:mossy_cobblestone":3,"minecraft:crafting_table":1,"minecraft:grass_block":4,"minecraft:wall_torch":4,"minecraft:skeleton_skull":1,"horror_element_mod:rotten_body":1,"minecraft:furnace":1,"minecraft:cobbled_deepslate":1,"horror_element_mod:spiked_villager":1,"weeping_angels:kontron_ore":3,"minecraft:black_carpet":1,"treechop:chopped_log":2,"minecraft:smooth_stone_slab":1,"minecraft:grass":1,"minecraft:coal_ore":18,"minecraft:dirt":4,"horror_element_mod:crucified_body":1,"minecraft:cobweb":5,"minecraft:stone":20,"born_in_chaos_v1:infernal_evil_pumpkin_s":1,"minecraft:bone_block":2,"horror_element_mod:spider_head":1},"minecraft:custom":{"minecraft:interact_with_furnace":4,"minecraft:mob_kills":10,"minecraft:interact_with_crafting_table":6,"minecraft:damage_dealt_resisted":22,"minecraft:time_since_death":5785,"minecraft:climb_one_cm":822,"minecraft:time_since_rest":5810,"minecraft:sprint_one_cm":92753,"minecraft:damage_taken":1120,"minecraft:walk_one_cm":58781,"minecraft:trigger_trapped_chest":2,"minecraft:drop":7,"minecraft:damage_dealt":1466,"minecraft:swim_one_cm":27880,"minecraft:fly_one_cm":88619,"minecraft:crouch_one_cm":773,"minecraft:play_time":28242,"minecraft:deaths":4,"minecraft:sneak_time":329,"minecraft:walk_under_water_one_cm":14234,"minecraft:jump":512,"minecraft:walk_on_water_one_cm":11779,"minecraft:total_world_time":28242,"minecraft:fall_one_cm":18681},"minecraft:used":{"minecraft:stone_sword":11,"minecraft:stone_pickaxe":39,"horror_element_mod:slashed_skull":1,"minecraft:wooden_pickaxe":13,"minecraft:rotten_flesh":4,"minecraft:salmon":3,"minecraft:torch":6,"minecraft:mossy_cobblestone":3,"minecraft:dirt":5,"horror_element_mod:spider_head":1,"minecraft:crafting_table":4,"minecraft:wooden_axe":25,"minecraft:cobblestone":14,"minecraft:cooked_porkchop":1,"alexsmobs:animal_dictionary":1,"minecraft:cobweb":5},"minecraft:killed_by":{"yeti:yeti":1,"minecraft:zombie":1,"born_in_chaos_v1:corpse_fly":1,"minecraft:drowned":1},"minecraft:picked_up":{"minecraft:birch_log":15,"minecraft:crafting_table":3,"minecraft:salmon":3,"minecraft:dirt":6,"minecraft:string":5,"weeping_angels:kontron_ingot":3,"born_in_chaos_v1:marigolds":1,"minecraft:cobbled_deepslate":1,"minecraft:birch_sapling":6,"horror_element_mod:spider_head":1,"minecraft:furnace":1,"minecraft:stick":7,"minecraft:torch":4,"minecraft:acacia_log":2,"minecraft:porkchop":13,"minecraft:mossy_cobblestone":3,"minecraft:rotten_flesh":13,"minecraft:bone_block":2,"minecraft:coal":31,"minecraft:skeleton_skull":1,"minecraft:cobblestone":20,"born_in_chaos_v1:fused_bone":2}},"DataVersion":3120}