{"stats":{"minecraft:picked_up":{"minecraft:cracked_deepslate_tiles":4,"minecraft:wheat":32,"minecraft:anvil":2,"minecraft:potato":49,"minecraft:lantern":7,"minecraft:raw_copper":31,"minecraft:beetroot":12,"minecraft:wheat_seeds":88,"the_slumbering_omen:scoutrazorclaw":1,"minecraft:iron_pickaxe":1,"minecraft:sugar_cane":3,"minecraft:iron_boots":1,"the_slumbering_omen:scoutlens":1,"minecraft:blast_furnace":4,"minecraft:white_bed":6,"minecraft:carrot":71,"minecraft:rotten_flesh":4,"the_slumbering_omen:scoutspine":1,"minecraft:beetroot_seeds":34,"minecraft:hay_block":4,"minecraft:bricks":2},"minecraft:dropped":{"the_slumbering_omen:scoutlens":1,"minecraft:rotten_flesh":23,"the_slumbering_omen:scoutrazorclaw":1,"the_slumbering_omen:scoutspine":1,"minecraft:white_bed":2,"minecraft:cracked_deepslate_tiles":2,"minecraft:writable_book":1,"minecraft:paper":2},"minecraft:killed":{"tconstruct:sky_slime":4,"the_slumbering_omen:combatscout":1},"minecraft:killed_by":{"minecraft:player":2,"minecraft:creeper":1},"minecraft:crafted":{"minecraft:spruce_planks":88,"minecraft:stick":4,"quark:spruce_chest":3},"minecraft:custom":{"minecraft:interact_with_smithing_table":1,"lootr:looted_stat":28,"minecraft:interact_with_furnace":1,"minecraft:interact_with_anvil":1,"minecraft:mob_kills":5,"minecraft:interact_with_crafting_table":2,"minecraft:open_barrel":2,"minecraft:interact_with_grindstone":1,"minecraft:leave_game":1,"minecraft:time_since_death":7678,"minecraft:sleep_in_bed":3,"minecraft:climb_one_cm":1007,"minecraft:time_since_rest":7725,"minecraft:sprint_one_cm":111579,"minecraft:damage_taken":1668,"minecraft:walk_one_cm":183566,"minecraft:drop":9,"minecraft:damage_dealt":423,"minecraft:swim_one_cm":22229,"minecraft:fly_one_cm":35005,"minecraft:open_chest":8,"minecraft:crouch_one_cm":230,"minecraft:play_time":40568,"minecraft:deaths":4,"minecraft:sneak_time":200,"minecraft:walk_under_water_one_cm":21130,"minecraft:jump":244,"minecraft:interact_with_blast_furnace":2,"minecraft:walk_on_water_one_cm":31886,"minecraft:total_world_time":40568,"minecraft:fall_one_cm":5637},"minecraft:mined":{"minecraft:light_blue_stained_glass_pane":1,"minecraft:white_bed":4,"minecraft:sculk_vein":1,"minecraft:blast_furnace":4,"minecraft:white_stained_glass_pane":1,"minecraft:copper_ore":8,"minecraft:spruce_leaves":8,"minecraft:kelp":1,"minecraft:sugar_cane":1,"minecraft:bricks":2,"minecraft:hay_block":4,"minecraft:carrots":20,"minecraft:wheat":33,"minecraft:andesite":1,"minecraft:anvil":2,"minecraft:grass":1,"minecraft:polished_deepslate":1,"minecraft:cracked_deepslate_tiles":2,"minecraft:potatoes":14,"minecraft:beetroots":13,"minecraft:lantern":7,"horror_element_mod:crucified_body":1,"minecraft:fern":4},"minecraft:used":{"minecraft:wheat_seeds":27,"minecraft:spruce_sign":1,"minecraft:anvil":1,"minecraft:cracked_deepslate_tiles":2,"minecraft:blast_furnace":2,"minecraft:carrot":29,"minecraft:white_bed":3,"minecraft:fern":3,"quark:spruce_chest":3,"minecraft:lantern":1,"minecraft:bread":12,"minecraft:iron_pickaxe":63,"minecraft:iron_boots":1,"minecraft:sweet_berries":1,"minecraft:potato":26,"minecraft:large_fern":1}},"DataVersion":3120}