{"stats":{"minecraft:dropped":{"minecraft:iron_sword":1,"minecraft:stripped_spruce_log":4,"minecraft:lapis_lazuli":3,"minecraft:oak_log":2,"the_slumbering_omen:distantectoplasm":1,"minecraft:crossbow":1,"minecraft:cobblestone":9,"minecraft:leather":2,"minecraft:granite":19,"minecraft:cracked_stone_bricks":1,"the_slumbering_omen:scoutspine":3,"minecraft:mangrove_planks":9,"born_in_chaos_v1:pieceofdarkmetal":2,"minecraft:spruce_stairs":2,"minecraft:cod":3,"minecraft:stick":2,"minecraft:flint":4,"minecraft:emerald":2,"minecraft:diorite":11,"minecraft:cracked_deepslate_tiles":2,"minecraft:chain":1,"the_slumbering_omen:sharpfingerbone":1,"minecraft:writable_book":1,"tacz:modern_kinetic_gun":1,"minecraft:sugar":2,"minecraft:iron_pickaxe":2,"minecraft:paper":2,"minecraft:string":4,"minecraft:lily_pad":2,"minecraft:mangrove_slab":1,"minecraft:music_disc_cat":1,"minecraft:spruce_sapling":3,"minecraft:smooth_basalt":5,"the_slumbering_omen:scoutlens":1,"minecraft:gravel":1,"minecraft:sweet_berries":22,"minecraft:sugar_cane":3,"minecraft:cobbled_deepslate":8,"minecraft:soul_lantern":1,"born_in_chaos_v1:rotten_fish":1,"minecraft:chicken":2,"minecraft:rotten_flesh":26,"minecraft:oak_planks":15,"the_slumbering_omen:scoutrazorclaw":5,"minecraft:white_bed":4,"minecraft:blast_furnace":6,"minecraft:potato":13,"minecraft:spruce_planks":2,"born_in_chaos_v1:corpse_maggot":2,"minecraft:oak_sapling":11,"minecraft:spruce_log":7,"minecraft:blue_orchid":1,"minecraft:calcite":8},"minecraft:crafted":{"minecraft:brick":64,"minecraft:oak_planks":64,"minecraft:barrel":3,"minecraft:bone_meal":99,"minecraft:iron_boots":1,"minecraft:iron_axe":1,"quark:spruce_chest":3,"minecraft:dark_oak_planks":35,"sophisticatedbackpacks:backpack":1,"minecraft:crafting_table":5,"minecraft:spruce_planks":88,"minecraft:iron_helmet":1,"tacz:gun_smith_table":1,"minecraft:copper_ingot":130,"minecraft:campfire":2,"minecraft:air":0,"minecraft:oak_boat":3,"minecraft:dark_oak_slab":12,"minecraft:iron_chestplate":1,"quark:oak_chest":1,"minecraft:stick":52,"minecraft:iron_ingot":51,"minecraft:iron_pickaxe":3,"minecraft:iron_block":1,"minecraft:iron_leggings":1,"minecraft:gold_ingot":13,"minecraft:torch":144,"minecraft:shears":1},"minecraft:mined":{"minecraft:dark_oak_planks":16,"minecraft:light_blue_stained_glass_pane":1,"minecraft:white_bed":9,"minecraft:spruce_planks":5,"minecraft:tuff":6,"minecraft:deepslate_diamond_ore":1,"minecraft:sculk_vein":1,"minecraft:budding_amethyst":1,"minecraft:granite":26,"minecraft:grass_block":1,"minecraft:spruce_leaves":82,"minecraft:kelp":1,"tacz:gun_smith_table":2,"minecraft:spawner":1,"minecraft:large_fern":2,"minecraft:hay_block":4,"minecraft:carrots":20,"minecraft:iron_ore":67,"minecraft:cobbled_deepslate":2,"minecraft:andesite":2,"treechop:chopped_log":7,"minecraft:anvil":3,"minecraft:deepslate_lapis_ore":3,"minecraft:polished_deepslate":1,"minecraft:potatoes":14,"minecraft:deepslate_iron_ore":7,"minecraft:lantern":8,"minecraft:black_candle":1,"horror_element_mod:crucified_body":1,"cotw:darkpotcross":4,"minecraft:stone":144,"cotw:darkpotskull":1,"cotw:darkpotstar":1,"minecraft:deepslate_redstone_ore":9,"minecraft:clay":45,"minecraft:torch":6,"minecraft:blast_furnace":17,"minecraft:calcite":8,"minecraft:white_stained_glass_pane":1,"minecraft:campfire":5,"minecraft:copper_ore":31,"minecraft:tall_grass":4,"minecraft:cobblestone":14,"minecraft:deepslate_gold_ore":27,"minecraft:lapis_ore":5,"minecraft:sugar_cane":30,"minecraft:bricks":2,"minecraft:diorite":12,"minecraft:wall_torch":8,"minecraft:amethyst_block":11,"minecraft:deepslate_copper_ore":4,"born_in_chaos_v1:river_mint":1,"minecraft:wheat":33,"minecraft:magenta_bed":5,"weeping_angels:kontron_ore":9,"minecraft:mangrove_planks":9,"minecraft:grass":16,"minecraft:cracked_deepslate_tiles":2,"minecraft:mangrove_slab":1,"minecraft:coal_ore":229,"minecraft:beetroots":13,"minecraft:dirt":1,"minecraft:smooth_basalt":5,"minecraft:gold_ore":5,"minecraft:deepslate":7,"minecraft:oak_leaves":25,"cotw:darkpotknight":3,"minecraft:fern":6},"minecraft:picked_up":{"the_slumbering_omen:sharpfingerbone":1,"minecraft:charcoal":10,"minecraft:crafting_table":1,"minecraft:wheat":32,"minecraft:chicken":2,"minecraft:creeper_head":1,"minecraft:clay_ball":180,"minecraft:anvil":4,"minecraft:chain":1,"minecraft:amethyst_block":11,"minecraft:string":4,"minecraft:moss_carpet":2,"minecraft:raw_copper":142,"tacz:ammo":432,"minecraft:blue_orchid":1,"minecraft:beetroot":12,"minecraft:cracked_stone_bricks":1,"minecraft:cobbled_deepslate":8,"minecraft:spruce_planks":6,"minecraft:beef":13,"minecraft:calcite":8,"minecraft:iron_nugget":10,"minecraft:iron_pickaxe":2,"minecraft:sugar_cane":44,"minecraft:iron_boots":1,"minecraft:raw_iron":78,"the_slumbering_omen:distantectoplasm":1,"minecraft:stick":11,"minecraft:torch":18,"minecraft:spruce_stairs":2,"minecraft:porkchop":9,"minecraft:diorite":11,"born_in_chaos_v1:pieceofdarkmetal":2,"minecraft:carrot":71,"minecraft:redstone":44,"minecraft:dark_oak_planks":16,"minecraft:arrow":4,"minecraft:rotten_flesh":16,"the_slumbering_omen:scoutspine":3,"minecraft:beetroot_seeds":34,"minecraft:hay_block":4,"minecraft:mutton":1,"minecraft:cod":3,"minecraft:cobblestone":114,"minecraft:cracked_deepslate_tiles":4,"born_in_chaos_v1:corpse_maggot":4,"born_in_chaos_v1:monster_flesh":1,"minecraft:salmon":2,"minecraft:leather":10,"minecraft:potato":57,"minecraft:flint":4,"minecraft:tuff":1,"minecraft:oak_log":32,"minecraft:lily_pad":2,"minecraft:magenta_bed":3,"minecraft:gunpowder":6,"minecraft:wither_skeleton_skull":1,"minecraft:dirt":1,"minecraft:lapis_lazuli":34,"minecraft:mangrove_slab":1,"minecraft:lantern":9,"weeping_angels:kontron_ingot":9,"minecraft:bone":2,"minecraft:apple":2,"minecraft:wheat_seeds":89,"minecraft:raw_gold":35,"minecraft:iron_ingot":5,"minecraft:cobweb":6,"the_slumbering_omen:scoutrazorclaw":5,"tacz:gun_smith_table":3,"minecraft:mangrove_planks":9,"minecraft:oak_planks":10,"minecraft:smooth_basalt":5,"minecraft:black_candle":4,"born_in_chaos_v1:ethereal_spirit":1,"minecraft:gravel":1,"the_slumbering_omen:scoutlens":2,"minecraft:stripped_spruce_log":5,"minecraft:spruce_sapling":3,"minecraft:white_bed":13,"minecraft:blast_furnace":25,"minecraft:spruce_log":7,"minecraft:dark_oak_log":8,"minecraft:spider_eye":1,"minecraft:sugar":2,"minecraft:diamond":1,"tacz:modern_kinetic_gun":2,"minecraft:crossbow":1,"minecraft:granite":24,"minecraft:emerald":4,"minecraft:oak_sapling":23,"born_in_chaos_v1:rotten_fish":1,"minecraft:bricks":2,"minecraft:coal":154,"born_in_chaos_v1:river_mint":1},"minecraft:killed":{"cotw:pietor":10,"minecraft:cave_spider":1,"cotw:reaper":1,"minecraft:spider":3,"minecraft:vindicator":1,"the_slumbering_omen:fakecow":1,"quark:toretoise":1,"tconstruct:sky_slime":4,"born_in_chaos_v1:zombie_bruiser":1,"born_in_chaos_v1:scarlet_persecutor":1,"born_in_chaos_v1:maggot":6,"minecraft:skeleton":2,"the_slumbering_omen:corruptcow":1,"minecraft:llama":5,"alexsmobs:centipede_head":1,"born_in_chaos_v1:corpse_fish":2,"born_in_chaos_v1:barrel_zombie":1,"rottencreatures:undead_miner":2,"born_in_chaos_v1:fallen_chaos_knight":1,"minecraft:pig":2,"minecraft:sheep":1,"alexsmobs:catfish":2,"born_in_chaos_v1:bloody_gadfly":1,"minecraft:pillager":13,"born_in_chaos_v1:dread_hound":1,"minecraft:zombie":3,"born_in_chaos_v1:corpse_fly":3,"the_slumbering_omen:combatscout":9,"cotw:harvester":1,"endofherobrine:sheep":5,"endofherobrine:cow":3,"the_slumbering_omen:followertrader":1,"boh:jeff_the_killer":1,"minecraft:cow":5},"minecraft:killed_by":{"minecraft:player":2,"minecraft:creeper":3,"cotw:reaper":2,"endofherobrine:sheep":1,"sanitydim:rotting_stalker":1,"siren_head:siren_head":1,"sanitydim:sneaking_terror":1,"the_slumbering_omen:entropyfollowerfe":1,"the_slumbering_omen:combatscout":3,"minecraft:zombie":1,"born_in_chaos_v1:scarlet_persecutor":1,"cave_dweller:cave_dweller":1,"cavenoise_overhaul:cavenoise_overhaul":1,"minecraft:vex":1},"minecraft:broken":{"minecraft:iron_boots":1,"minecraft:iron_leggings":1,"minecraft:iron_pickaxe":2,"minecraft:iron_helmet":1},"minecraft:custom":{"lootr:looted_stat":62,"minecraft:interact_with_anvil":3,"minecraft:mob_kills":96,"minecraft:interact_with_crafting_table":22,"minecraft:open_barrel":36,"minecraft:damage_dealt_resisted":196,"minecraft:leave_game":5,"minecraft:time_since_death":3162,"minecraft:climb_one_cm":5740,"minecraft:sprint_one_cm":563195,"minecraft:walk_one_cm":1003246,"minecraft:drop":92,"minecraft:talked_to_villager":6,"minecraft:play_time":233912,"minecraft:sneak_time":2051,"minecraft:deaths":25,"minecraft:walk_under_water_one_cm":69337,"minecraft:interact_with_lectern":2,"minecraft:boat_one_cm":63613,"minecraft:jump":2324,"minecraft:interact_with_blast_furnace":32,"minecraft:walk_on_water_one_cm":149151,"minecraft:total_world_time":233912,"minecraft:interact_with_furnace":9,"minecraft:traded_with_villager":1,"minecraft:interact_with_grindstone":1,"minecraft:sleep_in_bed":14,"minecraft:time_since_rest":3185,"minecraft:damage_taken":9659,"minecraft:damage_dealt":13833,"minecraft:player_kills":1,"minecraft:swim_one_cm":125568,"minecraft:fly_one_cm":319724,"minecraft:open_chest":13,"minecraft:crouch_one_cm":5194,"minecraft:fall_one_cm":48419,"minecraft:interact_with_smithing_table":1},"minecraft:used":{"minecraft:iron_shovel":67,"minecraft:spruce_planks":64,"tacz:gun_smith_table":3,"minecraft:iron_sword":362,"minecraft:iron_chestplate":1,"minecraft:torch":146,"minecraft:anvil":3,"minecraft:carrot":29,"minecraft:cracked_deepslate_tiles":2,"minecraft:granite":5,"minecraft:fern":3,"minecraft:dark_oak_planks":16,"quark:spruce_chest":3,"minecraft:lantern":9,"minecraft:iron_axe":89,"minecraft:blue_orchid":1,"minecraft:iron_helmet":2,"minecraft:iron_boots":2,"minecraft:barrel":3,"minecraft:oak_sapling":10,"minecraft:sweet_berries":1,"minecraft:potato":29,"minecraft:large_fern":1,"minecraft:iron_leggings":1,"minecraft:wheat_seeds":27,"minecraft:water_bucket":1,"minecraft:oak_planks":1,"minecraft:spruce_sign":1,"minecraft:sugar_cane":14,"minecraft:crafting_table":6,"minecraft:blast_furnace":13,"minecraft:magenta_bed":4,"minecraft:white_bed":9,"minecraft:campfire":2,"minecraft:bread":59,"minecraft:iron_pickaxe":722,"minecraft:cobblestone":30,"minecraft:bucket":1,"minecraft:black_candle":4,"minecraft:oak_boat":3,"minecraft:bone_meal":6,"minecraft:moss_carpet":2}},"DataVersion":3120}