{"stats":{"minecraft:picked_up":{"minecraft:wheat":32,"minecraft:anvil":1,"minecraft:potato":49,"minecraft:blast_furnace":2,"minecraft:white_bed":3,"minecraft:carrot":71,"minecraft:beetroot":12,"minecraft:beetroot_seeds":34,"minecraft:wheat_seeds":88,"minecraft:hay_block":4,"minecraft:bricks":2,"minecraft:iron_boots":1},"minecraft:dropped":{"minecraft:rotten_flesh":23,"minecraft:writable_book":1,"minecraft:white_bed":1},"minecraft:crafted":{"minecraft:spruce_planks":88,"quark:spruce_chest":3},"minecraft:custom":{"minecraft:time_since_rest":5057,"minecraft:interact_with_smithing_table":1,"minecraft:interact_with_furnace":1,"lootr:looted_stat":28,"minecraft:sprint_one_cm":37388,"minecraft:damage_taken":99,"minecraft:walk_one_cm":96592,"minecraft:drop":3,"minecraft:swim_one_cm":1212,"minecraft:interact_with_crafting_table":2,"minecraft:fly_one_cm":5430,"minecraft:open_chest":3,"minecraft:crouch_one_cm":133,"minecraft:play_time":16965,"minecraft:sneak_time":120,"minecraft:walk_under_water_one_cm":742,"minecraft:jump":69,"minecraft:interact_with_grindstone":1,"minecraft:interact_with_blast_furnace":1,"minecraft:walk_on_water_one_cm":126,"minecraft:time_since_death":16965,"minecraft:sleep_in_bed":1,"minecraft:climb_one_cm":424,"minecraft:total_world_time":16965,"minecraft:fall_one_cm":753},"minecraft:mined":{"minecraft:light_blue_stained_glass_pane":1,"minecraft:hay_block":4,"minecraft:white_bed":2,"minecraft:carrots":20,"minecraft:wheat":33,"minecraft:andesite":1,"minecraft:anvil":1,"minecraft:polished_deepslate":1,"minecraft:blast_furnace":2,"minecraft:potatoes":14,"minecraft:beetroots":13,"minecraft:white_stained_glass_pane":1,"minecraft:bricks":2,"minecraft:fern":1},"minecraft:used":{"minecraft:wheat_seeds":27,"quark:spruce_chest":3,"minecraft:iron_pickaxe":9,"minecraft:iron_boots":1,"minecraft:spruce_sign":1,"minecraft:anvil":1,"minecraft:sweet_berries":1,"minecraft:blast_furnace":2,"minecraft:carrot":29,"minecraft:potato":26,"minecraft:large_fern":1,"minecraft:fern":3}},"DataVersion":3120}