{"stats":{"minecraft:picked_up":{"minecraft:cracked_deepslate_tiles":4,"minecraft:wheat":32,"minecraft:clay_ball":180,"minecraft:anvil":2,"minecraft:leather":4,"minecraft:potato":57,"minecraft:oak_log":6,"minecraft:lily_pad":2,"minecraft:mangrove_slab":1,"minecraft:moss_carpet":2,"minecraft:lantern":7,"minecraft:raw_copper":31,"minecraft:blue_orchid":1,"minecraft:apple":1,"minecraft:beetroot":12,"minecraft:wheat_seeds":88,"minecraft:iron_ingot":5,"minecraft:beef":9,"the_slumbering_omen:scoutrazorclaw":1,"minecraft:iron_pickaxe":1,"minecraft:mangrove_planks":9,"minecraft:sugar_cane":3,"minecraft:iron_boots":1,"minecraft:stick":7,"minecraft:black_candle":4,"minecraft:porkchop":4,"the_slumbering_omen:scoutlens":1,"minecraft:spruce_log":7,"minecraft:stripped_spruce_log":2,"minecraft:spruce_sapling":3,"minecraft:blast_furnace":7,"minecraft:white_bed":8,"minecraft:carrot":71,"minecraft:rotten_flesh":4,"the_slumbering_omen:scoutspine":1,"minecraft:beetroot_seeds":34,"minecraft:hay_block":4,"minecraft:oak_sapling":10,"minecraft:bricks":2},"minecraft:dropped":{"the_slumbering_omen:scoutlens":1,"minecraft:stripped_spruce_log":2,"minecraft:sweet_berries":22,"minecraft:sugar_cane":3,"minecraft:soul_lantern":1,"minecraft:rotten_flesh":23,"the_slumbering_omen:scoutrazorclaw":1,"minecraft:mangrove_planks":8,"the_slumbering_omen:scoutspine":1,"minecraft:white_bed":3,"minecraft:potato":13,"minecraft:cracked_deepslate_tiles":2,"minecraft:writable_book":1,"minecraft:spruce_log":7,"minecraft:blue_orchid":1,"minecraft:paper":2,"minecraft:lily_pad":2,"minecraft:mangrove_slab":1,"minecraft:spruce_sapling":3},"minecraft:killed":{"minecraft:pig":2,"tconstruct:sky_slime":4,"minecraft:sheep":1,"minecraft:pillager":1,"the_slumbering_omen:combatscout":1,"born_in_chaos_v1:corpse_fish":1,"endofherobrine:sheep":5,"minecraft:cow":3},"minecraft:killed_by":{"the_slumbering_omen:entropyfollowerfe":1,"minecraft:player":2,"minecraft:creeper":1,"endofherobrine:sheep":1},"minecraft:crafted":{"minecraft:spruce_planks":88,"tacz:gun_smith_table":1,"minecraft:iron_chestplate":1,"minecraft:iron_axe":1,"minecraft:stick":4,"minecraft:iron_block":1,"minecraft:iron_leggings":1,"quark:spruce_chest":3},"minecraft:custom":{"minecraft:interact_with_smithing_table":1,"lootr:looted_stat":57,"minecraft:interact_with_furnace":1,"minecraft:interact_with_anvil":1,"minecraft:mob_kills":18,"minecraft:traded_with_villager":1,"minecraft:interact_with_crafting_table":6,"minecraft:open_barrel":2,"minecraft:interact_with_grindstone":1,"minecraft:leave_game":1,"minecraft:time_since_death":15778,"minecraft:sleep_in_bed":7,"minecraft:climb_one_cm":1955,"minecraft:time_since_rest":2874,"minecraft:sprint_one_cm":279367,"minecraft:damage_taken":2902,"minecraft:walk_one_cm":393448,"minecraft:drop":29,"minecraft:damage_dealt":2557,"minecraft:swim_one_cm":58581,"minecraft:talked_to_villager":6,"minecraft:fly_one_cm":108981,"minecraft:open_chest":9,"minecraft:crouch_one_cm":1122,"minecraft:play_time":82568,"minecraft:deaths":7,"minecraft:sneak_time":428,"minecraft:walk_under_water_one_cm":31374,"minecraft:jump":720,"minecraft:interact_with_blast_furnace":6,"minecraft:walk_on_water_one_cm":52890,"minecraft:total_world_time":82568,"minecraft:fall_one_cm":19037},"minecraft:mined":{"minecraft:light_blue_stained_glass_pane":1,"minecraft:white_bed":6,"minecraft:sculk_vein":1,"minecraft:clay":45,"minecraft:blast_furnace":7,"minecraft:white_stained_glass_pane":1,"minecraft:copper_ore":8,"minecraft:spruce_leaves":82,"minecraft:kelp":1,"minecraft:sugar_cane":1,"minecraft:bricks":2,"minecraft:large_fern":2,"minecraft:hay_block":4,"minecraft:carrots":20,"minecraft:cobbled_deepslate":2,"minecraft:wheat":33,"minecraft:mangrove_planks":9,"minecraft:andesite":1,"treechop:chopped_log":2,"minecraft:anvil":2,"minecraft:mangrove_slab":1,"minecraft:grass":6,"minecraft:polished_deepslate":1,"minecraft:cracked_deepslate_tiles":2,"minecraft:potatoes":14,"minecraft:beetroots":13,"minecraft:lantern":7,"minecraft:black_candle":1,"horror_element_mod:crucified_body":1,"minecraft:oak_leaves":24,"minecraft:fern":4},"minecraft:used":{"minecraft:wheat_seeds":27,"minecraft:moss_carpet":2,"minecraft:iron_shovel":65,"tacz:gun_smith_table":1,"minecraft:spruce_planks":4,"minecraft:iron_sword":101,"minecraft:spruce_sign":1,"minecraft:iron_chestplate":1,"minecraft:anvil":2,"minecraft:cracked_deepslate_tiles":2,"minecraft:blast_furnace":7,"minecraft:carrot":29,"minecraft:white_bed":5,"minecraft:fern":3,"quark:spruce_chest":3,"minecraft:blue_orchid":1,"minecraft:lantern":2,"minecraft:iron_axe":30,"minecraft:bread":25,"minecraft:iron_pickaxe":75,"minecraft:iron_helmet":1,"minecraft:iron_boots":1,"minecraft:sweet_berries":1,"minecraft:oak_sapling":10,"minecraft:black_candle":4,"minecraft:potato":29,"minecraft:iron_leggings":1,"minecraft:large_fern":1}},"DataVersion":3120}