{"stats":{"minecraft:picked_up":{"the_slumbering_omen:sharpfingerbone":1,"minecraft:charcoal":8,"minecraft:chicken":2,"minecraft:wheat":32,"minecraft:creeper_head":1,"minecraft:anvil":2,"minecraft:clay_ball":180,"minecraft:amethyst_block":11,"minecraft:string":2,"minecraft:raw_copper":136,"minecraft:moss_carpet":2,"tacz:ammo":180,"minecraft:blue_orchid":1,"minecraft:beetroot":12,"minecraft:spruce_planks":4,"minecraft:beef":13,"minecraft:calcite":8,"minecraft:iron_pickaxe":1,"minecraft:sugar_cane":17,"minecraft:iron_boots":1,"minecraft:stick":7,"minecraft:raw_iron":51,"minecraft:torch":12,"minecraft:porkchop":9,"minecraft:diorite":11,"minecraft:redstone":24,"minecraft:carrot":71,"minecraft:dark_oak_planks":16,"minecraft:arrow":2,"minecraft:rotten_flesh":13,"the_slumbering_omen:scoutspine":1,"minecraft:beetroot_seeds":34,"minecraft:hay_block":4,"minecraft:cod":3,"minecraft:cobblestone":110,"minecraft:cracked_deepslate_tiles":4,"born_in_chaos_v1:corpse_maggot":1,"minecraft:salmon":2,"minecraft:leather":4,"minecraft:potato":57,"minecraft:tuff":1,"minecraft:oak_log":6,"minecraft:lily_pad":2,"minecraft:gunpowder":4,"minecraft:wither_skeleton_skull":1,"minecraft:lapis_lazuli":31,"minecraft:mangrove_slab":1,"minecraft:lantern":7,"weeping_angels:kontron_ingot":9,"minecraft:bone":1,"minecraft:apple":1,"minecraft:wheat_seeds":89,"minecraft:raw_gold":13,"minecraft:cobweb":6,"minecraft:iron_ingot":5,"the_slumbering_omen:scoutrazorclaw":1,"minecraft:mangrove_planks":9,"minecraft:smooth_basalt":5,"minecraft:black_candle":4,"born_in_chaos_v1:ethereal_spirit":1,"minecraft:gravel":1,"the_slumbering_omen:scoutlens":1,"minecraft:stripped_spruce_log":2,"minecraft:spruce_sapling":3,"minecraft:blast_furnace":7,"minecraft:white_bed":8,"minecraft:spruce_log":7,"minecraft:spider_eye":1,"minecraft:dark_oak_log":8,"minecraft:sugar":2,"tacz:modern_kinetic_gun":1,"minecraft:granite":24,"born_in_chaos_v1:rotten_fish":1,"minecraft:oak_sapling":10,"minecraft:bricks":2,"minecraft:coal":60},"minecraft:dropped":{"minecraft:stripped_spruce_log":2,"minecraft:cobblestone":5,"minecraft:granite":19,"the_slumbering_omen:scoutspine":1,"minecraft:mangrove_planks":9,"minecraft:diorite":11,"minecraft:cracked_deepslate_tiles":2,"the_slumbering_omen:sharpfingerbone":1,"minecraft:writable_book":1,"minecraft:sugar":2,"minecraft:paper":2,"minecraft:lily_pad":2,"minecraft:mangrove_slab":1,"minecraft:spruce_sapling":3,"minecraft:smooth_basalt":5,"the_slumbering_omen:scoutlens":1,"minecraft:gravel":1,"minecraft:sweet_berries":22,"minecraft:sugar_cane":3,"minecraft:soul_lantern":1,"minecraft:rotten_flesh":23,"the_slumbering_omen:scoutrazorclaw":1,"minecraft:white_bed":3,"minecraft:potato":13,"born_in_chaos_v1:corpse_maggot":1,"minecraft:spruce_log":7,"minecraft:blue_orchid":1,"minecraft:calcite":8},"minecraft:killed":{"minecraft:cave_spider":1,"minecraft:spider":2,"tconstruct:sky_slime":4,"born_in_chaos_v1:scarlet_persecutor":1,"born_in_chaos_v1:maggot":1,"minecraft:skeleton":1,"alexsmobs:centipede_head":1,"born_in_chaos_v1:corpse_fish":2,"rottencreatures:undead_miner":2,"born_in_chaos_v1:fallen_chaos_knight":1,"minecraft:pig":2,"minecraft:sheep":1,"alexsmobs:catfish":2,"minecraft:pillager":1,"minecraft:zombie":1,"born_in_chaos_v1:corpse_fly":2,"the_slumbering_omen:combatscout":1,"cotw:harvester":1,"endofherobrine:sheep":5,"minecraft:cow":3},"minecraft:killed_by":{"minecraft:player":2,"minecraft:creeper":1,"endofherobrine:sheep":1,"the_slumbering_omen:entropyfollowerfe":1,"minecraft:zombie":1,"born_in_chaos_v1:scarlet_persecutor":1,"cave_dweller:cave_dweller":1,"cavenoise_overhaul:cavenoise_overhaul":1},"minecraft:crafted":{"minecraft:barrel":3,"minecraft:bone_meal":99,"minecraft:iron_axe":1,"quark:spruce_chest":3,"minecraft:dark_oak_planks":35,"minecraft:spruce_planks":88,"tacz:gun_smith_table":1,"minecraft:copper_ingot":130,"minecraft:air":0,"minecraft:dark_oak_slab":12,"minecraft:iron_chestplate":1,"minecraft:stick":28,"minecraft:iron_ingot":51,"minecraft:iron_pickaxe":3,"minecraft:iron_block":1,"minecraft:gold_ingot":13,"minecraft:iron_leggings":1,"minecraft:torch":64},"minecraft:custom":{"minecraft:interact_with_smithing_table":1,"lootr:looted_stat":59,"minecraft:mob_kills":36,"minecraft:interact_with_anvil":3,"minecraft:interact_with_crafting_table":10,"minecraft:open_barrel":24,"minecraft:damage_dealt_resisted":10,"minecraft:leave_game":1,"minecraft:time_since_death":10926,"minecraft:climb_one_cm":3503,"minecraft:sprint_one_cm":351410,"minecraft:walk_one_cm":610989,"minecraft:drop":42,"minecraft:talked_to_villager":6,"minecraft:play_time":138724,"minecraft:deaths":11,"minecraft:sneak_time":796,"minecraft:walk_under_water_one_cm":45679,"minecraft:jump":1137,"minecraft:interact_with_blast_furnace":30,"minecraft:walk_on_water_one_cm":83541,"minecraft:total_world_time":138724,"minecraft:interact_with_furnace":6,"minecraft:traded_with_villager":1,"minecraft:interact_with_grindstone":1,"minecraft:sleep_in_bed":10,"minecraft:time_since_rest":9978,"minecraft:damage_taken":4207,"minecraft:damage_dealt":4375,"minecraft:swim_one_cm":65497,"minecraft:fly_one_cm":150423,"minecraft:open_chest":10,"minecraft:crouch_one_cm":2443,"minecraft:fall_one_cm":27687},"minecraft:broken":{"minecraft:iron_pickaxe":1},"minecraft:mined":{"minecraft:dark_oak_planks":16,"minecraft:light_blue_stained_glass_pane":1,"minecraft:tuff":6,"minecraft:spruce_planks":5,"minecraft:white_bed":6,"minecraft:sculk_vein":1,"minecraft:granite":26,"minecraft:budding_amethyst":1,"minecraft:spruce_leaves":82,"minecraft:kelp":1,"minecraft:large_fern":2,"minecraft:hay_block":4,"minecraft:carrots":20,"minecraft:iron_ore":43,"minecraft:cobbled_deepslate":2,"minecraft:andesite":2,"treechop:chopped_log":2,"minecraft:anvil":2,"minecraft:polished_deepslate":1,"minecraft:potatoes":14,"minecraft:deepslate_iron_ore":4,"minecraft:lantern":7,"minecraft:black_candle":1,"horror_element_mod:crucified_body":1,"minecraft:stone":134,"minecraft:deepslate_redstone_ore":5,"minecraft:clay":45,"minecraft:torch":3,"minecraft:blast_furnace":7,"minecraft:calcite":8,"minecraft:white_stained_glass_pane":1,"minecraft:campfire":4,"minecraft:tall_grass":2,"minecraft:copper_ore":31,"minecraft:cobblestone":14,"minecraft:lapis_ore":5,"minecraft:deepslate_gold_ore":8,"minecraft:sugar_cane":9,"minecraft:bricks":2,"minecraft:diorite":12,"minecraft:wall_torch":6,"minecraft:amethyst_block":11,"minecraft:deepslate_copper_ore":4,"minecraft:wheat":33,"weeping_angels:kontron_ore":9,"minecraft:mangrove_planks":9,"minecraft:grass":9,"minecraft:cracked_deepslate_tiles":2,"minecraft:mangrove_slab":1,"minecraft:coal_ore":71,"minecraft:beetroots":13,"minecraft:smooth_basalt":5,"minecraft:gold_ore":5,"minecraft:deepslate":1,"minecraft:oak_leaves":24,"minecraft:fern":6},"minecraft:used":{"minecraft:moss_carpet":2,"minecraft:iron_shovel":67,"tacz:gun_smith_table":1,"minecraft:spruce_planks":64,"minecraft:iron_sword":151,"minecraft:iron_chestplate":1,"minecraft:torch":72,"minecraft:anvil":2,"minecraft:carrot":29,"minecraft:cracked_deepslate_tiles":2,"minecraft:granite":5,"minecraft:fern":3,"minecraft:dark_oak_planks":16,"quark:spruce_chest":3,"minecraft:lantern":2,"minecraft:iron_axe":54,"minecraft:blue_orchid":1,"minecraft:iron_helmet":1,"minecraft:iron_boots":1,"minecraft:barrel":3,"minecraft:sweet_berries":1,"minecraft:oak_sapling":10,"minecraft:potato":29,"minecraft:large_fern":1,"minecraft:iron_leggings":1,"minecraft:wheat_seeds":27,"minecraft:water_bucket":1,"minecraft:spruce_sign":1,"minecraft:sugar_cane":14,"minecraft:blast_furnace":7,"minecraft:white_bed":5,"minecraft:bread":31,"minecraft:iron_pickaxe":472,"minecraft:cobblestone":14,"minecraft:bucket":1,"minecraft:black_candle":4,"minecraft:bone_meal":6}},"DataVersion":3120}