{"stats":{"minecraft:picked_up":{"minecraft:wheat":32,"minecraft:anvil":2,"minecraft:clay_ball":180,"minecraft:raw_copper":31,"minecraft:moss_carpet":2,"minecraft:blue_orchid":1,"minecraft:beetroot":12,"minecraft:spruce_planks":4,"minecraft:beef":9,"minecraft:iron_pickaxe":1,"minecraft:sugar_cane":3,"minecraft:iron_boots":1,"minecraft:stick":7,"minecraft:raw_iron":3,"minecraft:torch":2,"minecraft:porkchop":4,"minecraft:diorite":1,"minecraft:carrot":71,"minecraft:dark_oak_planks":16,"minecraft:rotten_flesh":4,"the_slumbering_omen:scoutspine":1,"minecraft:beetroot_seeds":34,"minecraft:hay_block":4,"minecraft:cobblestone":5,"minecraft:cracked_deepslate_tiles":4,"minecraft:leather":4,"minecraft:potato":57,"minecraft:oak_log":6,"minecraft:lily_pad":2,"minecraft:mangrove_slab":1,"minecraft:lantern":7,"minecraft:apple":1,"minecraft:wheat_seeds":88,"minecraft:iron_ingot":5,"the_slumbering_omen:scoutrazorclaw":1,"minecraft:mangrove_planks":9,"minecraft:black_candle":4,"the_slumbering_omen:scoutlens":1,"minecraft:stripped_spruce_log":2,"minecraft:spruce_sapling":3,"minecraft:blast_furnace":7,"minecraft:white_bed":8,"minecraft:spruce_log":7,"minecraft:dark_oak_log":8,"minecraft:granite":19,"minecraft:oak_sapling":10,"minecraft:bricks":2,"minecraft:coal":10},"minecraft:dropped":{"minecraft:stripped_spruce_log":2,"minecraft:cobblestone":5,"minecraft:granite":19,"the_slumbering_omen:scoutspine":1,"minecraft:mangrove_planks":9,"minecraft:diorite":1,"minecraft:cracked_deepslate_tiles":2,"minecraft:writable_book":1,"minecraft:paper":2,"minecraft:lily_pad":2,"minecraft:mangrove_slab":1,"minecraft:spruce_sapling":3,"the_slumbering_omen:scoutlens":1,"minecraft:sweet_berries":22,"minecraft:sugar_cane":3,"minecraft:soul_lantern":1,"minecraft:rotten_flesh":23,"the_slumbering_omen:scoutrazorclaw":1,"minecraft:white_bed":3,"minecraft:potato":13,"minecraft:spruce_log":7,"minecraft:blue_orchid":1},"minecraft:killed":{"tconstruct:sky_slime":4,"born_in_chaos_v1:corpse_fish":1,"minecraft:pig":2,"minecraft:sheep":1,"alexsmobs:catfish":2,"minecraft:pillager":1,"the_slumbering_omen:combatscout":1,"endofherobrine:sheep":5,"minecraft:cow":3},"minecraft:killed_by":{"minecraft:player":2,"minecraft:creeper":1,"endofherobrine:sheep":1,"the_slumbering_omen:entropyfollowerfe":1,"cave_dweller:cave_dweller":1},"minecraft:crafted":{"minecraft:iron_axe":1,"quark:spruce_chest":3,"minecraft:dark_oak_planks":32,"minecraft:spruce_planks":88,"tacz:gun_smith_table":1,"minecraft:copper_ingot":31,"minecraft:air":0,"minecraft:iron_chestplate":1,"minecraft:stick":20,"minecraft:iron_block":1,"minecraft:iron_leggings":1,"minecraft:torch":40},"minecraft:custom":{"minecraft:interact_with_smithing_table":1,"lootr:looted_stat":57,"minecraft:mob_kills":20,"minecraft:interact_with_anvil":2,"minecraft:interact_with_crafting_table":6,"minecraft:open_barrel":3,"minecraft:leave_game":1,"minecraft:time_since_death":514,"minecraft:climb_one_cm":3307,"minecraft:sprint_one_cm":288899,"minecraft:walk_one_cm":421567,"minecraft:drop":35,"minecraft:talked_to_villager":6,"minecraft:play_time":94568,"minecraft:deaths":8,"minecraft:sneak_time":496,"minecraft:walk_under_water_one_cm":42723,"minecraft:jump":763,"minecraft:interact_with_blast_furnace":7,"minecraft:walk_on_water_one_cm":68775,"minecraft:total_world_time":94568,"minecraft:interact_with_furnace":1,"minecraft:traded_with_villager":1,"minecraft:interact_with_grindstone":1,"minecraft:sleep_in_bed":8,"minecraft:time_since_rest":544,"minecraft:damage_taken":3119,"minecraft:damage_dealt":2964,"minecraft:swim_one_cm":63425,"minecraft:fly_one_cm":111394,"minecraft:open_chest":9,"minecraft:crouch_one_cm":1509,"minecraft:fall_one_cm":19037},"minecraft:mined":{"minecraft:dark_oak_planks":16,"minecraft:light_blue_stained_glass_pane":1,"minecraft:spruce_planks":5,"minecraft:white_bed":6,"minecraft:sculk_vein":1,"minecraft:granite":21,"minecraft:spruce_leaves":82,"minecraft:kelp":1,"minecraft:large_fern":2,"minecraft:hay_block":4,"minecraft:carrots":20,"minecraft:iron_ore":10,"minecraft:cobbled_deepslate":2,"minecraft:andesite":2,"treechop:chopped_log":2,"minecraft:anvil":2,"minecraft:polished_deepslate":1,"minecraft:potatoes":14,"minecraft:lantern":7,"minecraft:black_candle":1,"horror_element_mod:crucified_body":1,"minecraft:stone":41,"minecraft:clay":45,"minecraft:blast_furnace":7,"minecraft:white_stained_glass_pane":1,"minecraft:copper_ore":9,"minecraft:cobblestone":7,"minecraft:sugar_cane":1,"minecraft:bricks":2,"minecraft:diorite":2,"minecraft:wall_torch":2,"minecraft:wheat":33,"minecraft:mangrove_planks":9,"minecraft:grass":6,"minecraft:cracked_deepslate_tiles":2,"minecraft:mangrove_slab":1,"minecraft:coal_ore":21,"minecraft:beetroots":13,"minecraft:oak_leaves":24,"minecraft:fern":4},"minecraft:used":{"minecraft:moss_carpet":2,"minecraft:iron_shovel":65,"tacz:gun_smith_table":1,"minecraft:spruce_planks":64,"minecraft:iron_sword":116,"minecraft:iron_chestplate":1,"minecraft:torch":3,"minecraft:anvil":2,"minecraft:carrot":29,"minecraft:cracked_deepslate_tiles":2,"minecraft:fern":3,"minecraft:dark_oak_planks":16,"quark:spruce_chest":3,"minecraft:lantern":2,"minecraft:iron_axe":50,"minecraft:blue_orchid":1,"minecraft:iron_helmet":1,"minecraft:iron_boots":1,"minecraft:sweet_berries":1,"minecraft:oak_sapling":10,"minecraft:potato":29,"minecraft:large_fern":1,"minecraft:iron_leggings":1,"minecraft:wheat_seeds":27,"minecraft:spruce_sign":1,"minecraft:blast_furnace":7,"minecraft:white_bed":5,"minecraft:bread":25,"minecraft:iron_pickaxe":179,"minecraft:black_candle":4}},"DataVersion":3120}