{"stats":{"minecraft:picked_up":{"minecraft:cracked_deepslate_tiles":4,"minecraft:wheat":32,"minecraft:anvil":2,"minecraft:leather":2,"minecraft:potato":49,"minecraft:lantern":7,"minecraft:raw_copper":31,"minecraft:beetroot":12,"minecraft:wheat_seeds":88,"minecraft:beef":3,"the_slumbering_omen:scoutrazorclaw":1,"minecraft:iron_pickaxe":1,"minecraft:sugar_cane":3,"minecraft:iron_boots":1,"the_slumbering_omen:scoutlens":1,"minecraft:blast_furnace":4,"minecraft:white_bed":8,"minecraft:carrot":71,"minecraft:rotten_flesh":4,"the_slumbering_omen:scoutspine":1,"minecraft:beetroot_seeds":34,"minecraft:hay_block":4,"minecraft:bricks":2},"minecraft:dropped":{"the_slumbering_omen:scoutlens":1,"minecraft:sweet_berries":22,"minecraft:soul_lantern":1,"minecraft:rotten_flesh":23,"the_slumbering_omen:scoutrazorclaw":1,"the_slumbering_omen:scoutspine":1,"minecraft:white_bed":2,"minecraft:cracked_deepslate_tiles":2,"minecraft:writable_book":1,"minecraft:paper":2},"minecraft:killed":{"tconstruct:sky_slime":4,"minecraft:sheep":1,"the_slumbering_omen:combatscout":1,"born_in_chaos_v1:corpse_fish":1,"endofherobrine:sheep":5,"minecraft:cow":1},"minecraft:killed_by":{"the_slumbering_omen:entropyfollowerfe":1,"minecraft:player":2,"minecraft:creeper":1,"endofherobrine:sheep":1},"minecraft:crafted":{"minecraft:spruce_planks":88,"minecraft:stick":4,"quark:spruce_chest":3},"minecraft:custom":{"minecraft:interact_with_smithing_table":1,"lootr:looted_stat":28,"minecraft:interact_with_furnace":1,"minecraft:interact_with_anvil":1,"minecraft:mob_kills":13,"minecraft:interact_with_crafting_table":2,"minecraft:open_barrel":2,"minecraft:interact_with_grindstone":1,"minecraft:leave_game":1,"minecraft:time_since_death":3650,"minecraft:sleep_in_bed":5,"minecraft:climb_one_cm":1055,"minecraft:time_since_rest":3703,"minecraft:sprint_one_cm":228942,"minecraft:damage_taken":2504,"minecraft:walk_one_cm":270006,"minecraft:drop":11,"minecraft:damage_dealt":1382,"minecraft:swim_one_cm":55020,"minecraft:fly_one_cm":91977,"minecraft:open_chest":8,"minecraft:crouch_one_cm":370,"minecraft:play_time":58568,"minecraft:deaths":6,"minecraft:sneak_time":220,"minecraft:walk_under_water_one_cm":26289,"minecraft:jump":579,"minecraft:interact_with_blast_furnace":2,"minecraft:walk_on_water_one_cm":42303,"minecraft:total_world_time":58568,"minecraft:fall_one_cm":15176},"minecraft:mined":{"minecraft:light_blue_stained_glass_pane":1,"minecraft:white_bed":6,"minecraft:sculk_vein":1,"minecraft:blast_furnace":4,"minecraft:white_stained_glass_pane":1,"minecraft:copper_ore":8,"minecraft:spruce_leaves":28,"minecraft:kelp":1,"minecraft:sugar_cane":1,"minecraft:bricks":2,"minecraft:hay_block":4,"minecraft:carrots":20,"minecraft:cobbled_deepslate":2,"minecraft:wheat":33,"minecraft:andesite":1,"minecraft:anvil":2,"minecraft:grass":2,"minecraft:polished_deepslate":1,"minecraft:cracked_deepslate_tiles":2,"minecraft:potatoes":14,"minecraft:beetroots":13,"minecraft:lantern":7,"horror_element_mod:crucified_body":1,"minecraft:fern":4},"minecraft:used":{"minecraft:wheat_seeds":27,"minecraft:iron_shovel":10,"minecraft:iron_sword":34,"minecraft:spruce_sign":1,"minecraft:anvil":1,"minecraft:cracked_deepslate_tiles":2,"minecraft:blast_furnace":2,"minecraft:carrot":29,"minecraft:white_bed":5,"minecraft:fern":3,"quark:spruce_chest":3,"minecraft:lantern":1,"minecraft:bread":21,"minecraft:iron_pickaxe":65,"minecraft:iron_boots":1,"minecraft:sweet_berries":1,"minecraft:potato":26,"minecraft:large_fern":1}},"DataVersion":3120}