{"stats":{"minecraft:picked_up":{"minecraft:wheat":32,"minecraft:anvil":1,"minecraft:potato":49,"the_slumbering_omen:scoutlens":1,"minecraft:blast_furnace":4,"minecraft:white_bed":6,"minecraft:carrot":71,"minecraft:lantern":7,"minecraft:raw_copper":31,"the_slumbering_omen:scoutspine":1,"minecraft:beetroot":12,"minecraft:beetroot_seeds":34,"minecraft:wheat_seeds":88,"minecraft:hay_block":4,"the_slumbering_omen:scoutrazorclaw":1,"minecraft:sugar_cane":3,"minecraft:bricks":2,"minecraft:iron_boots":1},"minecraft:dropped":{"the_slumbering_omen:scoutlens":1,"minecraft:rotten_flesh":23,"minecraft:writable_book":1,"the_slumbering_omen:scoutrazorclaw":1,"the_slumbering_omen:scoutspine":1,"minecraft:white_bed":2},"minecraft:killed":{"the_slumbering_omen:combatscout":1},"minecraft:killed_by":{"minecraft:player":2},"minecraft:crafted":{"minecraft:spruce_planks":88,"minecraft:stick":4,"quark:spruce_chest":3},"minecraft:custom":{"minecraft:interact_with_smithing_table":1,"minecraft:time_since_rest":157,"minecraft:interact_with_furnace":1,"lootr:looted_stat":28,"minecraft:sprint_one_cm":67698,"minecraft:damage_taken":1160,"minecraft:walk_one_cm":141516,"minecraft:mob_kills":1,"minecraft:drop":7,"minecraft:damage_dealt":353,"minecraft:swim_one_cm":4048,"minecraft:interact_with_crafting_table":2,"minecraft:fly_one_cm":13707,"minecraft:open_chest":6,"minecraft:crouch_one_cm":230,"minecraft:play_time":28568,"minecraft:deaths":3,"minecraft:sneak_time":164,"minecraft:walk_under_water_one_cm":4008,"minecraft:jump":141,"minecraft:interact_with_grindstone":1,"minecraft:interact_with_blast_furnace":2,"minecraft:leave_game":1,"minecraft:time_since_death":123,"minecraft:walk_on_water_one_cm":16121,"minecraft:sleep_in_bed":3,"minecraft:total_world_time":28568,"minecraft:climb_one_cm":424,"minecraft:fall_one_cm":1291},"minecraft:mined":{"minecraft:hay_block":4,"minecraft:light_blue_stained_glass_pane":1,"minecraft:white_bed":4,"minecraft:carrots":20,"minecraft:wheat":33,"minecraft:andesite":1,"minecraft:anvil":1,"minecraft:polished_deepslate":1,"minecraft:grass":1,"minecraft:blast_furnace":4,"minecraft:potatoes":14,"minecraft:beetroots":13,"minecraft:white_stained_glass_pane":1,"minecraft:lantern":7,"minecraft:copper_ore":8,"minecraft:sugar_cane":1,"minecraft:bricks":2,"minecraft:fern":4},"minecraft:used":{"minecraft:wheat_seeds":27,"quark:spruce_chest":3,"minecraft:lantern":1,"minecraft:bread":7,"minecraft:iron_pickaxe":52,"minecraft:iron_boots":1,"minecraft:spruce_sign":1,"minecraft:anvil":1,"minecraft:sweet_berries":1,"minecraft:blast_furnace":2,"minecraft:carrot":29,"minecraft:white_bed":3,"minecraft:potato":26,"minecraft:large_fern":1,"minecraft:fern":3}},"DataVersion":3120}