{"stats":{"minecraft:killed":{"minecraft:pig":4,"born_in_chaos_v1:decrepit_skeleton":1,"minecraft:sheep":1,"minecraft:skeleton":2,"minecraft:zombie":1,"born_in_chaos_v1:dread_hound":1,"minecraft:chicken":1,"born_in_chaos_v1:corpse_fly":4,"alexsmobs:fly":1,"minecraft:drowned":1,"apollyon:the_damned":1,"minecraft:cow":1},"minecraft:dropped":{"minecraft:stone_axe":1,"minecraft:smooth_stone_slab":1,"minecraft:raw_iron":1,"minecraft:rotten_flesh":2,"horror_element_mod:spider_head":1,"minecraft:wooden_pickaxe":1},"minecraft:mined":{"minecraft:mossy_cobblestone":1,"minecraft:oak_fence":1,"minecraft:crafting_table":6,"minecraft:granite":72,"minecraft:grass_block":2,"minecraft:campfire":2,"minecraft:copper_ore":39,"minecraft:tall_grass":22,"minecraft:cobblestone":4,"minecraft:lapis_ore":5,"minecraft:moss_block":5,"minecraft:diorite":2,"minecraft:wall_torch":1,"minecraft:spawner":1,"minecraft:birch_planks":3,"minecraft:furnace":3,"minecraft:birch_log":3,"minecraft:iron_ore":35,"weeping_angels:kontron_ore":9,"treechop:chopped_log":6,"minecraft:andesite":1,"minecraft:black_carpet":3,"minecraft:yellow_bed":1,"minecraft:grass":28,"minecraft:coal_ore":55,"minecraft:iron_bars":1,"minecraft:gravel":10,"minecraft:dirt":2,"minecraft:gray_carpet":9,"minecraft:stone":182,"horror_element_mod:spider_head":1,"minecraft:dark_oak_planks":6},"minecraft:custom":{"minecraft:interact_with_furnace":28,"minecraft:mob_kills":20,"minecraft:interact_with_crafting_table":27,"minecraft:leave_game":8,"minecraft:time_since_death":7021,"minecraft:sleep_in_bed":6,"minecraft:climb_one_cm":6857,"minecraft:time_since_rest":7047,"minecraft:sprint_one_cm":338419,"minecraft:damage_taken":3972,"minecraft:walk_one_cm":295156,"minecraft:drop":6,"minecraft:damage_dealt":3681,"minecraft:swim_one_cm":48047,"minecraft:talked_to_villager":6,"minecraft:fly_one_cm":233738,"minecraft:open_chest":8,"minecraft:crouch_one_cm":1438,"minecraft:play_time":107436,"minecraft:deaths":11,"minecraft:sneak_time":1032,"minecraft:walk_under_water_one_cm":3777,"minecraft:jump":1623,"minecraft:interact_with_blast_furnace":5,"minecraft:walk_on_water_one_cm":17158,"minecraft:total_world_time":107436,"minecraft:interact_with_smoker":5,"minecraft:fall_one_cm":38682},"minecraft:crafted":{"minecraft:cooked_beef":4,"minecraft:smooth_stone":3,"quark:birch_chest":1,"minecraft:cooked_porkchop":9,"minecraft:crafting_table":2,"minecraft:wooden_pickaxe":1,"minecraft:furnace":4,"minecraft:blast_furnace":1,"minecraft:stone":9,"minecraft:birch_planks":92,"minecraft:campfire":2,"minecraft:stone_axe":2,"minecraft:stick":48,"minecraft:iron_ingot":10,"minecraft:stone_pickaxe":4,"minecraft:wooden_axe":1,"minecraft:torch":72},"minecraft:used":{"minecraft:diorite":1,"quark:birch_chest":1,"minecraft:birch_planks":60,"minecraft:stone_pickaxe":406,"minecraft:wooden_pickaxe":29,"minecraft:rotten_flesh":1,"minecraft:torch":69,"minecraft:crafting_table":7,"minecraft:blast_furnace":1,"minecraft:campfire":2,"minecraft:granite":17,"minecraft:wooden_axe":51,"alexsmobs:maggot":2,"minecraft:stone_axe":149,"minecraft:cobblestone":23,"minecraft:furnace":4,"minecraft:cooked_porkchop":9,"minecraft:yellow_bed":3,"alexsmobs:animal_dictionary":1,"minecraft:cooked_beef":4},"minecraft:killed_by":{"thestarvedstalker:the_starved_stalker_aggro":1,"man:managgresive":1,"apollyon:the_damned":3,"minecraft:creeper":2,"minecraft:zombie":1,"cavenoise_overhaul:cavenoise_overhaul":2},"minecraft:broken":{"minecraft:stone_pickaxe":3,"minecraft:stone_axe":1,"minecraft:wooden_axe":1},"minecraft:picked_up":{"minecraft:birch_log":56,"minecraft:charcoal":4,"born_in_chaos_v1:corpse_maggot":5,"minecraft:crafting_table":6,"minecraft:black_carpet":4,"minecraft:feather":1,"minecraft:cooked_beef":2,"minecraft:chicken":1,"born_in_chaos_v1:monster_flesh":1,"minecraft:andesite":1,"minecraft:leather":1,"minecraft:wooden_pickaxe":1,"minecraft:birch_planks":2,"minecraft:yellow_bed":3,"minecraft:gunpowder":7,"minecraft:lapis_lazuli":27,"minecraft:dirt":4,"minecraft:raw_copper":139,"weeping_angels:kontron_ingot":9,"minecraft:smooth_stone_slab":1,"born_in_chaos_v1:monster_skin":1,"minecraft:bone":5,"minecraft:gray_carpet":9,"minecraft:wheat_seeds":10,"minecraft:iron_ingot":1,"minecraft:beef":1,"minecraft:moss_block":5,"minecraft:birch_sapling":13,"horror_element_mod:spider_head":1,"minecraft:oak_planks":2,"minecraft:furnace":3,"minecraft:raw_iron":35,"minecraft:stick":10,"minecraft:oak_fence":1,"minecraft:torch":8,"minecraft:gravel":9,"minecraft:porkchop":9,"minecraft:diorite":1,"minecraft:spruce_log":1,"minecraft:dark_oak_planks":6,"minecraft:rotten_flesh":5,"minecraft:stone_axe":1,"minecraft:granite":72,"knight_quest:kq_great_essence":1,"alexsmobs:maggot":2,"minecraft:iron_bars":1,"minecraft:coal":57,"minecraft:cobblestone":189}},"DataVersion":3120}