{"stats":{"minecraft:killed":{"minecraft:pig":4,"born_in_chaos_v1:decrepit_skeleton":1,"minecraft:sheep":1,"minecraft:chicken":1,"born_in_chaos_v1:corpse_fly":4,"minecraft:drowned":1,"alexsmobs:fly":1,"apollyon:the_damned":1,"minecraft:cow":1},"minecraft:dropped":{"minecraft:smooth_stone_slab":1,"minecraft:raw_iron":1,"minecraft:rotten_flesh":2,"horror_element_mod:spider_head":1},"minecraft:mined":{"minecraft:mossy_cobblestone":1,"minecraft:oak_fence":1,"minecraft:crafting_table":5,"minecraft:granite":52,"minecraft:grass_block":2,"minecraft:campfire":2,"minecraft:tall_grass":22,"minecraft:copper_ore":23,"minecraft:cobblestone":3,"minecraft:moss_block":5,"minecraft:diorite":2,"minecraft:spawner":1,"minecraft:furnace":2,"minecraft:birch_log":3,"minecraft:iron_ore":7,"weeping_angels:kontron_ore":9,"minecraft:black_carpet":3,"treechop:chopped_log":6,"minecraft:yellow_bed":1,"minecraft:grass":28,"minecraft:coal_ore":10,"minecraft:iron_bars":1,"minecraft:dirt":2,"minecraft:gray_carpet":9,"minecraft:stone":169,"horror_element_mod:spider_head":1,"minecraft:dark_oak_planks":6},"minecraft:custom":{"minecraft:interact_with_furnace":13,"minecraft:mob_kills":16,"minecraft:interact_with_crafting_table":13,"minecraft:leave_game":4,"minecraft:time_since_death":1313,"minecraft:sleep_in_bed":2,"minecraft:climb_one_cm":5837,"minecraft:time_since_rest":1360,"minecraft:sprint_one_cm":251538,"minecraft:damage_taken":2281,"minecraft:walk_one_cm":189869,"minecraft:drop":4,"minecraft:damage_dealt":2361,"minecraft:swim_one_cm":48047,"minecraft:talked_to_villager":2,"minecraft:fly_one_cm":184207,"minecraft:open_chest":3,"minecraft:crouch_one_cm":1122,"minecraft:play_time":72510,"minecraft:deaths":7,"minecraft:sneak_time":862,"minecraft:walk_under_water_one_cm":3495,"minecraft:jump":1125,"minecraft:walk_on_water_one_cm":14073,"minecraft:interact_with_smoker":2,"minecraft:total_world_time":72510,"minecraft:fall_one_cm":24782},"minecraft:crafted":{"minecraft:cooked_beef":1,"quark:birch_chest":1,"minecraft:cooked_porkchop":9,"minecraft:crafting_table":1,"minecraft:wooden_pickaxe":1,"minecraft:furnace":2,"minecraft:birch_planks":68,"minecraft:campfire":2,"minecraft:stone_axe":1,"minecraft:stick":48,"minecraft:stone_pickaxe":2,"minecraft:wooden_axe":1,"minecraft:torch":24},"minecraft:used":{"minecraft:diorite":1,"quark:birch_chest":1,"minecraft:birch_planks":4,"minecraft:stone_pickaxe":265,"minecraft:wooden_pickaxe":28,"minecraft:rotten_flesh":1,"minecraft:torch":11,"minecraft:crafting_table":5,"minecraft:campfire":2,"minecraft:wooden_axe":51,"minecraft:stone_axe":122,"minecraft:cobblestone":15,"minecraft:furnace":3,"minecraft:cooked_porkchop":6,"minecraft:yellow_bed":1,"alexsmobs:animal_dictionary":1,"minecraft:cooked_beef":1},"minecraft:killed_by":{"thestarvedstalker:the_starved_stalker_aggro":1,"man:managgresive":1,"apollyon:the_damned":2,"minecraft:creeper":1,"minecraft:zombie":1,"cavenoise_overhaul:cavenoise_overhaul":1},"minecraft:broken":{"minecraft:stone_pickaxe":2,"minecraft:wooden_axe":1},"minecraft:picked_up":{"minecraft:birch_log":56,"born_in_chaos_v1:corpse_maggot":5,"minecraft:charcoal":4,"minecraft:crafting_table":5,"minecraft:black_carpet":4,"minecraft:feather":1,"minecraft:chicken":1,"minecraft:yellow_bed":1,"minecraft:gunpowder":7,"minecraft:dirt":4,"minecraft:raw_copper":82,"weeping_angels:kontron_ingot":9,"minecraft:smooth_stone_slab":1,"minecraft:bone":2,"minecraft:gray_carpet":9,"minecraft:wheat_seeds":10,"minecraft:beef":1,"minecraft:iron_ingot":1,"minecraft:moss_block":5,"horror_element_mod:spider_head":1,"minecraft:birch_sapling":13,"minecraft:oak_planks":2,"minecraft:furnace":2,"minecraft:stick":10,"minecraft:raw_iron":7,"minecraft:oak_fence":1,"minecraft:torch":2,"minecraft:porkchop":9,"minecraft:diorite":1,"minecraft:spruce_log":1,"minecraft:dark_oak_planks":6,"minecraft:rotten_flesh":5,"minecraft:granite":52,"knight_quest:kq_great_essence":1,"alexsmobs:maggot":2,"minecraft:coal":13,"minecraft:iron_bars":1,"minecraft:cobblestone":169}},"DataVersion":3120}