{"stats":{"minecraft:killed":{"minecraft:skeleton":3,"apollyon:the_infector":1,"minecraft:chicken":1,"minecraft:drowned":1,"minecraft:pig":4,"minecraft:wandering_trader":1,"born_in_chaos_v1:decrepit_skeleton":1,"minecraft:sheep":2,"minecraft:zombie":2,"born_in_chaos_v1:dread_hound":1,"born_in_chaos_v1:corpse_fly":4,"alexsmobs:fly":1,"endofherobrine:sheep":11,"apollyon:the_damned":1,"boh:jeff_the_killer":1,"minecraft:cow":1},"minecraft:dropped":{"horror_element_mod:spider_head":1,"minecraft:stone_axe":1,"minecraft:smooth_stone_slab":1,"minecraft:raw_iron":1,"minecraft:rotten_flesh":2,"minecraft:wooden_pickaxe":1},"minecraft:custom":{"minecraft:mob_kills":36,"minecraft:interact_with_crafting_table":40,"minecraft:open_barrel":1,"minecraft:leave_game":16,"minecraft:time_since_death":770,"minecraft:climb_one_cm":8355,"minecraft:sprint_one_cm":440543,"minecraft:walk_one_cm":391300,"minecraft:drop":6,"minecraft:talked_to_villager":6,"minecraft:play_time":150157,"minecraft:deaths":16,"minecraft:sneak_time":1281,"minecraft:walk_under_water_one_cm":9260,"minecraft:jump":2164,"minecraft:interact_with_blast_furnace":17,"minecraft:walk_on_water_one_cm":29419,"minecraft:total_world_time":150157,"minecraft:interact_with_furnace":29,"minecraft:sleep_in_bed":8,"minecraft:time_since_rest":3307,"minecraft:damage_taken":5459,"minecraft:damage_dealt":4167,"minecraft:swim_one_cm":62645,"minecraft:fly_one_cm":282596,"minecraft:open_chest":12,"minecraft:crouch_one_cm":1584,"minecraft:interact_with_smoker":6,"minecraft:fall_one_cm":44942},"minecraft:crafted":{"minecraft:smooth_stone":3,"quark:birch_chest":1,"minecraft:cooked_chicken":1,"minecraft:furnace":4,"minecraft:blast_furnace":1,"minecraft:stone":9,"minecraft:iron_boots":1,"minecraft:stone_pickaxe":4,"minecraft:cooked_beef":4,"minecraft:cooked_porkchop":9,"minecraft:crafting_table":2,"minecraft:wooden_pickaxe":1,"minecraft:iron_helmet":1,"minecraft:copper_ingot":128,"minecraft:birch_planks":92,"minecraft:campfire":2,"minecraft:stone_axe":2,"minecraft:iron_chestplate":1,"minecraft:shield":1,"minecraft:stick":48,"minecraft:iron_ingot":51,"minecraft:iron_pickaxe":1,"minecraft:wooden_axe":1,"minecraft:iron_leggings":1,"minecraft:torch":108},"minecraft:mined":{"minecraft:dark_oak_planks":6,"minecraft:mossy_cobblestone":1,"minecraft:granite":74,"minecraft:grass_block":2,"minecraft:moss_block":5,"minecraft:spawner":1,"minecraft:furnace":3,"minecraft:iron_ore":52,"minecraft:andesite":4,"minecraft:black_carpet":3,"treechop:chopped_log":6,"minecraft:iron_bars":1,"minecraft:stone":228,"horror_element_mod:spider_head":1,"minecraft:oak_fence":1,"minecraft:crafting_table":8,"minecraft:campfire":2,"minecraft:tall_grass":22,"minecraft:copper_ore":48,"minecraft:cobblestone":6,"minecraft:lapis_ore":5,"minecraft:diorite":17,"minecraft:wall_torch":2,"minecraft:birch_planks":3,"minecraft:birch_log":3,"weeping_angels:kontron_ore":9,"minecraft:yellow_bed":1,"minecraft:grass":28,"minecraft:coal_ore":90,"minecraft:gravel":10,"minecraft:dirt":3,"minecraft:gray_carpet":9,"minecraft:polished_andesite":1},"minecraft:used":{"quark:birch_chest":1,"minecraft:cooked_chicken":1,"minecraft:rotten_flesh":1,"minecraft:iron_chestplate":1,"minecraft:torch":96,"minecraft:granite":28,"born_in_chaos_v1:corpse_maggot":5,"minecraft:wooden_axe":51,"alexsmobs:maggot":2,"minecraft:iron_helmet":1,"minecraft:iron_boots":1,"minecraft:furnace":4,"minecraft:cooked_beef":6,"minecraft:iron_leggings":1,"minecraft:diorite":1,"minecraft:birch_planks":60,"minecraft:stone_pickaxe":527,"minecraft:wooden_pickaxe":29,"minecraft:crafting_table":8,"minecraft:blast_furnace":1,"minecraft:campfire":2,"minecraft:iron_pickaxe":10,"minecraft:stone_axe":159,"minecraft:cobblestone":35,"minecraft:cooked_porkchop":9,"minecraft:yellow_bed":3,"alexsmobs:animal_dictionary":1},"minecraft:killed_by":{"thestarvedstalker:the_starved_stalker_aggro":1,"minecraft:player":1,"minecraft:creeper":2,"endofherobrine:sheep":1,"man:managgresive":2,"apollyon:the_damned":3,"minecraft:zombie":1,"cavenoise_overhaul:cavenoise_overhaul":4},"minecraft:broken":{"minecraft:stone_pickaxe":4,"minecraft:stone_axe":1,"minecraft:wooden_axe":1},"minecraft:picked_up":{"minecraft:charcoal":4,"minecraft:crafting_table":8,"minecraft:black_carpet":4,"minecraft:chicken":1,"minecraft:wooden_pickaxe":1,"minecraft:polished_deepslate":6,"minecraft:raw_copper":170,"minecraft:smooth_stone_slab":1,"tacz:ammo":180,"minecraft:smooth_stone":4,"minecraft:beef":1,"minecraft:birch_sapling":13,"minecraft:furnace":3,"minecraft:stick":10,"minecraft:raw_iron":52,"minecraft:oak_fence":1,"minecraft:torch":10,"minecraft:porkchop":9,"minecraft:diorite":16,"minecraft:dark_oak_planks":6,"minecraft:arrow":1,"minecraft:rotten_flesh":7,"minecraft:polished_basalt":9,"minecraft:mutton":2,"minecraft:iron_bars":1,"minecraft:cobblestone":241,"minecraft:birch_log":56,"born_in_chaos_v1:corpse_maggot":5,"minecraft:feather":1,"minecraft:cooked_beef":2,"born_in_chaos_v1:monster_flesh":1,"minecraft:andesite":4,"minecraft:leather":1,"minecraft:birch_planks":2,"minecraft:yellow_bed":3,"minecraft:gunpowder":7,"minecraft:lapis_lazuli":27,"minecraft:dirt":5,"weeping_angels:kontron_ingot":9,"born_in_chaos_v1:monster_skin":1,"minecraft:bone":7,"minecraft:gray_carpet":10,"minecraft:wheat_seeds":10,"minecraft:iron_ingot":1,"minecraft:moss_block":5,"horror_element_mod:spider_head":1,"minecraft:oak_planks":2,"minecraft:gravel":9,"minecraft:spruce_log":1,"tacz:modern_kinetic_gun":1,"minecraft:stone_axe":1,"minecraft:granite":74,"knight_quest:kq_great_essence":1,"alexsmobs:maggot":2,"minecraft:coal":91}},"DataVersion":3120}