{"stats":{"minecraft:picked_up":{"minecraft:crafting_table":4,"minecraft:leather":1,"minecraft:brown_mushroom":9,"minecraft:lantern":1,"minecraft:polished_granite":1,"minecraft:cracked_stone_bricks":1,"minecraft:cobbled_deepslate":4,"minecraft:spruce_planks":2,"minecraft:iron_ingot":3,"minecraft:beef":2,"minecraft:cobblestone_slab":1,"minecraft:iron_pickaxe":1,"minecraft:spruce_trapdoor":1,"minecraft:stick":3,"minecraft:sweet_berries":22,"minecraft:spruce_stairs":3,"minecraft:spruce_fence":3,"minecraft:spruce_sapling":4,"minecraft:white_bed":7,"minecraft:spruce_log":21,"minecraft:mossy_cobblestone":3,"tconstruct:sky_slime_ball":1,"minecraft:soul_lantern":1,"minecraft:granite":1,"minecraft:mutton":2,"minecraft:bricks":3,"minecraft:white_wool":1,"minecraft:cobblestone":3},"minecraft:dropped":{"minecraft:cracked_stone_bricks":1,"minecraft:white_bed":1,"minecraft:spruce_trapdoor":1,"minecraft:iron_pickaxe":1},"minecraft:killed":{"weeping_angels:weeping_angel":1,"boh:rake":1,"minecraft:sheep":1,"the_slumbering_omen:combatscout":1,"boh:jeff_the_killer":1,"minecraft:cow":1},"minecraft:killed_by":{"man:managgresive":1,"the_slumbering_omen:combatscout":1,"minecraft:creeper":1},"minecraft:crafted":{"minecraft:crafting_table":2,"minecraft:spruce_planks":52,"minecraft:wooden_pickaxe":1,"minecraft:baked_potato":19,"minecraft:iron_helmet":1,"minecraft:stone_axe":1,"minecraft:shield":1,"minecraft:stick":40,"minecraft:stone_pickaxe":1,"minecraft:wooden_axe":1},"minecraft:custom":{"minecraft:interact_with_smithing_table":1,"lootr:looted_stat":29,"minecraft:interact_with_furnace":5,"minecraft:mob_kills":6,"minecraft:traded_with_villager":1,"minecraft:interact_with_crafting_table":5,"minecraft:interact_with_grindstone":2,"minecraft:leave_game":2,"minecraft:time_since_death":37183,"minecraft:sleep_in_bed":6,"minecraft:climb_one_cm":372,"minecraft:time_since_rest":3623,"minecraft:sprint_one_cm":298642,"minecraft:damage_taken":1302,"minecraft:walk_one_cm":121877,"minecraft:damage_blocked_by_shield":240,"minecraft:drop":4,"minecraft:damage_dealt":1972,"minecraft:swim_one_cm":46366,"minecraft:talked_to_villager":7,"minecraft:fly_one_cm":175728,"minecraft:player_kills":2,"minecraft:open_chest":7,"minecraft:crouch_one_cm":619,"minecraft:play_time":57746,"minecraft:deaths":3,"minecraft:sneak_time":815,"minecraft:walk_under_water_one_cm":5531,"minecraft:jump":990,"minecraft:walk_on_water_one_cm":44124,"minecraft:total_world_time":57746,"minecraft:fall_one_cm":17497},"minecraft:broken":{"minecraft:wooden_axe":1},"minecraft:mined":{"minecraft:spruce_planks":2,"minecraft:white_bed":6,"minecraft:brown_mushroom":11,"minecraft:mossy_cobblestone":3,"minecraft:crafting_table":4,"minecraft:spruce_trapdoor":1,"minecraft:blast_furnace":1,"minecraft:spruce_fence":3,"minecraft:dead_bush":1,"minecraft:tall_grass":5,"minecraft:cobblestone":2,"minecraft:spruce_leaves":20,"minecraft:lily_pad":1,"minecraft:large_fern":5,"minecraft:spruce_stairs":3,"minecraft:cobbled_deepslate":2,"minecraft:spruce_log":1,"minecraft:birch_leaves":1,"minecraft:stripped_spruce_log":1,"treechop:chopped_log":4,"minecraft:grass":5,"minecraft:sculk_shrieker":1,"minecraft:cobblestone_slab":1,"minecraft:cracked_stone_bricks":1,"minecraft:stone":1},"minecraft:used":{"minecraft:stone_pickaxe":8,"minecraft:shield":4,"minecraft:spruce_planks":23,"minecraft:wooden_pickaxe":15,"minecraft:iron_chestplate":1,"minecraft:crafting_table":5,"minecraft:white_bed":5,"minecraft:granite":1,"minecraft:wooden_axe":57,"minecraft:apple":1,"minecraft:bread":16,"minecraft:iron_pickaxe":1,"minecraft:iron_helmet":1,"minecraft:iron_boots":1,"minecraft:stone_axe":38,"minecraft:sweet_berries":6,"minecraft:potato":4}},"DataVersion":3120}