{"stats":{"minecraft:killed":{"minecraft:pig":4,"minecraft:chicken":1,"minecraft:drowned":1,"minecraft:cow":1,"born_in_chaos_v1:decrepit_skeleton":1},"minecraft:mined":{"minecraft:furnace":2,"minecraft:mossy_cobblestone":1,"minecraft:birch_log":3,"treechop:chopped_log":6,"minecraft:crafting_table":5,"minecraft:grass":28,"minecraft:grass_block":2,"minecraft:coal_ore":4,"minecraft:dirt":2,"minecraft:tall_grass":22,"minecraft:cobblestone":3,"minecraft:stone":46,"horror_element_mod:spider_head":1,"minecraft:spawner":1},"minecraft:crafted":{"minecraft:cooked_beef":1,"minecraft:cooked_porkchop":9,"minecraft:crafting_table":1,"minecraft:stick":48,"minecraft:wooden_pickaxe":1,"minecraft:stone_pickaxe":1,"minecraft:wooden_axe":1,"minecraft:furnace":2,"minecraft:birch_planks":68,"minecraft:campfire":1,"minecraft:stone_axe":1},"minecraft:custom":{"minecraft:time_since_rest":14639,"minecraft:interact_with_furnace":12,"minecraft:sprint_one_cm":149361,"minecraft:damage_taken":1190,"minecraft:walk_one_cm":82756,"minecraft:mob_kills":8,"minecraft:damage_dealt":1087,"minecraft:swim_one_cm":30046,"minecraft:interact_with_crafting_table":8,"minecraft:fly_one_cm":102698,"minecraft:crouch_one_cm":196,"minecraft:play_time":36970,"minecraft:deaths":4,"minecraft:sneak_time":180,"minecraft:walk_under_water_one_cm":1450,"minecraft:jump":578,"minecraft:leave_game":2,"minecraft:time_since_death":14265,"minecraft:walk_on_water_one_cm":5412,"minecraft:total_world_time":36970,"minecraft:fall_one_cm":16802},"minecraft:used":{"minecraft:wooden_axe":51,"minecraft:stone_pickaxe":54,"minecraft:wooden_pickaxe":9,"minecraft:stone_axe":66,"minecraft:crafting_table":5,"minecraft:furnace":3,"minecraft:cooked_porkchop":1,"minecraft:cooked_beef":1},"minecraft:killed_by":{"man:managgresive":1,"apollyon:the_damned":2,"minecraft:zombie":1},"minecraft:broken":{"minecraft:wooden_axe":1},"minecraft:picked_up":{"minecraft:birch_log":56,"minecraft:stick":10,"minecraft:crafting_table":5,"minecraft:black_carpet":1,"minecraft:feather":1,"minecraft:chicken":1,"minecraft:porkchop":9,"minecraft:spruce_log":1,"minecraft:dirt":4,"minecraft:smooth_stone_slab":1,"minecraft:bone":2,"minecraft:rotten_flesh":3,"minecraft:wheat_seeds":4,"minecraft:beef":1,"minecraft:iron_ingot":1,"knight_quest:kq_great_essence":1,"minecraft:birch_sapling":13,"horror_element_mod:spider_head":1,"minecraft:coal":7,"minecraft:cobblestone":46,"minecraft:furnace":2}},"DataVersion":3120}