{"stats":{"minecraft:killed":{"minecraft:pig":1,"minecraft:drowned":1,"minecraft:cow":1,"born_in_chaos_v1:decrepit_skeleton":1},"minecraft:mined":{"minecraft:furnace":1,"minecraft:mossy_cobblestone":1,"minecraft:birch_log":3,"treechop:chopped_log":6,"minecraft:crafting_table":4,"minecraft:grass":12,"minecraft:grass_block":2,"minecraft:coal_ore":4,"minecraft:dirt":2,"minecraft:cobblestone":3,"minecraft:stone":46,"horror_element_mod:spider_head":1,"minecraft:spawner":1},"minecraft:custom":{"minecraft:time_since_rest":7944,"minecraft:interact_with_furnace":3,"minecraft:sprint_one_cm":122722,"minecraft:damage_taken":1160,"minecraft:walk_one_cm":71298,"minecraft:mob_kills":4,"minecraft:damage_dealt":747,"minecraft:interact_with_crafting_table":6,"minecraft:swim_one_cm":20829,"minecraft:fly_one_cm":78808,"minecraft:crouch_one_cm":196,"minecraft:play_time":30275,"minecraft:deaths":4,"minecraft:sneak_time":180,"minecraft:walk_under_water_one_cm":1293,"minecraft:jump":433,"minecraft:leave_game":1,"minecraft:time_since_death":7570,"minecraft:walk_on_water_one_cm":4498,"minecraft:total_world_time":30275,"minecraft:fall_one_cm":13940},"minecraft:crafted":{"minecraft:cooked_beef":1,"minecraft:crafting_table":1,"minecraft:wooden_pickaxe":1,"minecraft:stone_pickaxe":1,"minecraft:wooden_axe":1,"minecraft:furnace":1,"minecraft:birch_planks":64,"minecraft:stone_axe":1},"minecraft:used":{"minecraft:wooden_axe":51,"minecraft:stone_pickaxe":50,"minecraft:wooden_pickaxe":9,"minecraft:stone_axe":22,"minecraft:crafting_table":4,"minecraft:furnace":2,"minecraft:cooked_beef":1},"minecraft:killed_by":{"man:managgresive":1,"apollyon:the_damned":2,"minecraft:zombie":1},"minecraft:broken":{"minecraft:wooden_axe":1},"minecraft:picked_up":{"minecraft:birch_log":56,"minecraft:stick":10,"minecraft:crafting_table":4,"minecraft:black_carpet":1,"minecraft:porkchop":3,"minecraft:spruce_log":1,"minecraft:dirt":4,"minecraft:smooth_stone_slab":1,"minecraft:bone":2,"minecraft:rotten_flesh":3,"minecraft:wheat_seeds":2,"minecraft:beef":1,"minecraft:iron_ingot":1,"knight_quest:kq_great_essence":1,"horror_element_mod:spider_head":1,"minecraft:birch_sapling":13,"minecraft:coal":7,"minecraft:furnace":1,"minecraft:cobblestone":46}},"DataVersion":3120}