{"stats":{"minecraft:mined":{"minecraft:spruce_planks":3,"minecraft:white_bed":6,"minecraft:mossy_cobblestone":12,"minecraft:spruce_trapdoor":1,"minecraft:granite":16,"minecraft:dark_oak_fence":1,"minecraft:spruce_fence":4,"minecraft:spruce_leaves":20,"minecraft:moss_block":2,"minecraft:large_fern":5,"minecraft:iron_ore":41,"minecraft:cobbled_deepslate":2,"minecraft:andesite":19,"minecraft:stripped_spruce_log":1,"minecraft:moss_carpet":1,"treechop:chopped_log":9,"minecraft:sculk_shrieker":1,"minecraft:deepslate_iron_ore":9,"minecraft:cobblestone_slab":1,"minecraft:vine":1,"minecraft:stone":138,"minecraft:brown_mushroom":11,"minecraft:crafting_table":5,"minecraft:blast_furnace":1,"minecraft:dead_bush":1,"minecraft:tall_grass":5,"minecraft:copper_ore":43,"minecraft:cobblestone":6,"minecraft:deepslate_gold_ore":3,"minecraft:lily_pad":1,"minecraft:sugar_cane":4,"minecraft:diorite":41,"minecraft:wall_torch":1,"minecraft:spruce_stairs":3,"minecraft:spruce_log":1,"weeping_angels:kontron_ore":2,"minecraft:birch_leaves":1,"minecraft:grass":7,"minecraft:coal_ore":75,"minecraft:gravel":19,"minecraft:dirt":8,"minecraft:cracked_stone_bricks":1,"minecraft:deepslate":3,"minecraft:fern":1},"minecraft:killed":{"weeping_angels:weeping_angel":1,"minecraft:witch":1,"born_in_chaos_v1:zombie_lumberjack":2,"minecraft:spider":1,"born_in_chaos_v1:scarlet_persecutor":2,"born_in_chaos_v1:maggot":7,"minecraft:skeleton":1,"the_slumbering_omen:corruptzombie":1,"midnightlurker:midnight_lurker_runtrue":1,"boh:rake":1,"born_in_chaos_v1:baby_skeleton":2,"born_in_chaos_v1:decrepit_skeleton":1,"minecraft:sheep":1,"born_in_chaos_v1:zombie_fisherman":1,"minecraft:zombie":9,"the_slumbering_omen:combatscout":1,"cave_dweller:cave_dweller":1,"born_in_chaos_v1:door_knight":2,"boh:jeff_the_killer":1,"minecraft:cow":1},"minecraft:killed_by":{"minecraft:creeper":1,"man:managgresive":1,"the_slumbering_omen:combatscout":1,"minecraft:zombie":1,"cavenoise_overhaul:cavenoise_overhaul":1},"minecraft:used":{"minecraft:stone_shovel":39,"minecraft:spruce_planks":23,"minecraft:shield":41,"minecraft:iron_sword":9,"minecraft:iron_chestplate":1,"minecraft:torch":142,"minecraft:granite":1,"born_in_chaos_v1:corpse_maggot":1,"minecraft:wooden_axe":57,"quark:spruce_chest":1,"minecraft:iron_boots":1,"minecraft:iron_helmet":1,"minecraft:sweet_berries":6,"minecraft:potato":4,"minecraft:iron_leggings":1,"minecraft:stone_pickaxe":8,"minecraft:baked_potato":9,"minecraft:wooden_pickaxe":15,"minecraft:sugar_cane":3,"minecraft:crafting_table":7,"minecraft:blast_furnace":1,"minecraft:white_bed":5,"minecraft:campfire":1,"minecraft:apple":29,"minecraft:bread":21,"minecraft:iron_pickaxe":406,"minecraft:stone_axe":83,"minecraft:cobblestone":29,"minecraft:andesite":7,"born_in_chaos_v1:wood_splitter_axe":59},"minecraft:picked_up":{"minecraft:crafting_table":5,"born_in_chaos_v1:seedof_chaos":1,"minecraft:brown_mushroom":9,"minecraft:string":3,"minecraft:moss_carpet":1,"minecraft:raw_copper":164,"tacz:ammo":360,"minecraft:cracked_stone_bricks":1,"minecraft:cobbled_deepslate":7,"minecraft:spruce_planks":3,"minecraft:beef":2,"minecraft:cobblestone_slab":1,"minecraft:iron_pickaxe":1,"minecraft:sugar_cane":3,"minecraft:spruce_trapdoor":2,"minecraft:mangrove_log":2,"minecraft:stick":12,"minecraft:raw_iron":54,"minecraft:torch":24,"minecraft:spruce_stairs":3,"minecraft:spruce_fence":3,"minecraft:redstone":1,"minecraft:diorite":43,"born_in_chaos_v1:pieceofdarkmetal":2,"minecraft:carrot":1,"minecraft:rotten_flesh":10,"minecraft:stone_shovel":1,"tconstruct:sky_slime_ball":1,"born_in_chaos_v1:wood_splitter_axe":1,"minecraft:mutton":2,"minecraft:bone_block":9,"minecraft:white_wool":1,"minecraft:cobblestone":179,"born_in_chaos_v1:corpse_maggot":4,"minecraft:andesite":20,"minecraft:leather":1,"minecraft:flint":3,"minecraft:oak_log":2,"minecraft:gunpowder":1,"minecraft:dirt":36,"minecraft:lantern":1,"minecraft:polished_granite":1,"weeping_angels:kontron_ingot":2,"minecraft:bone":3,"minecraft:wheat_seeds":2,"minecraft:raw_gold":3,"minecraft:iron_ingot":4,"the_slumbering_omen:irestoneshard":3,"minecraft:sweet_berries":22,"born_in_chaos_v1:ethereal_spirit":1,"minecraft:gravel":17,"minecraft:spruce_sapling":11,"minecraft:white_bed":7,"minecraft:spruce_log":49,"minecraft:mossy_cobblestone":13,"tacz:modern_kinetic_gun":1,"minecraft:soul_lantern":1,"minecraft:granite":30,"minecraft:coal":85,"minecraft:dark_oak_fence":1,"minecraft:bricks":3},"minecraft:custom":{"minecraft:interact_with_smithing_table":1,"lootr:looted_stat":36,"minecraft:mob_kills":37,"minecraft:interact_with_crafting_table":19,"minecraft:damage_dealt_resisted":319,"minecraft:leave_game":6,"minecraft:time_since_death":3792,"minecraft:climb_one_cm":698,"minecraft:sprint_one_cm":539999,"minecraft:walk_one_cm":338463,"minecraft:damage_blocked_by_shield":2150,"minecraft:drop":9,"minecraft:talked_to_villager":7,"minecraft:play_time":138621,"minecraft:deaths":9,"minecraft:sneak_time":2552,"minecraft:walk_under_water_one_cm":8040,"minecraft:jump":2203,"minecraft:interact_with_blast_furnace":20,"minecraft:walk_on_water_one_cm":62713,"minecraft:total_world_time":138621,"minecraft:interact_with_furnace":21,"minecraft:traded_with_villager":1,"minecraft:interact_with_loom":1,"minecraft:interact_with_grindstone":2,"minecraft:sleep_in_bed":12,"minecraft:time_since_rest":3816,"minecraft:damage_taken":4170,"minecraft:damage_dealt":5859,"minecraft:swim_one_cm":47850,"minecraft:fly_one_cm":335259,"minecraft:player_kills":2,"minecraft:open_chest":10,"minecraft:crouch_one_cm":2191,"minecraft:fall_one_cm":35852},"minecraft:crafted":{"minecraft:smooth_stone":3,"minecraft:stone_shovel":1,"minecraft:furnace":1,"minecraft:blast_furnace":1,"minecraft:stone":3,"minecraft:cooked_mutton":6,"minecraft:stone_pickaxe":1,"quark:spruce_chest":1,"minecraft:crafting_table":2,"minecraft:spruce_planks":64,"minecraft:baked_potato":32,"minecraft:wooden_pickaxe":1,"minecraft:iron_helmet":1,"minecraft:copper_ingot":132,"minecraft:campfire":1,"minecraft:stone_axe":1,"minecraft:shield":1,"minecraft:stick":56,"minecraft:iron_pickaxe":1,"minecraft:iron_ingot":54,"minecraft:wooden_axe":1,"minecraft:iron_leggings":1,"minecraft:torch":148},"minecraft:broken":{"minecraft:iron_pickaxe":1,"minecraft:wooden_axe":1},"minecraft:dropped":{"minecraft:cobblestone":2,"minecraft:cracked_stone_bricks":1,"minecraft:iron_pickaxe":1,"the_slumbering_omen:irestoneshard":2,"minecraft:stone_shovel":1,"minecraft:white_bed":1,"minecraft:spruce_trapdoor":1,"minecraft:andesite":13}},"DataVersion":3120}