{"stats":{"minecraft:picked_up":{"minecraft:lantern":1},"minecraft:custom":{"minecraft:jump":35,"minecraft:time_since_rest":4259,"lootr:looted_stat":4,"minecraft:walk_on_water_one_cm":648,"minecraft:sprint_one_cm":17015,"minecraft:leave_game":1,"minecraft:play_time":4259,"minecraft:damage_taken":30,"minecraft:time_since_death":4259,"minecraft:walk_one_cm":6637,"minecraft:total_world_time":4259,"minecraft:walk_under_water_one_cm":38,"minecraft:swim_one_cm":817,"minecraft:fall_one_cm":1277,"minecraft:fly_one_cm":4684},"minecraft:mined":{"minecraft:white_bed":1},"minecraft:used":{"minecraft:bread":1}},"DataVersion":3120}