{"stats":{"minecraft:picked_up":{"minecraft:crafting_table":5,"born_in_chaos_v1:seedof_chaos":1,"minecraft:brown_mushroom":9,"minecraft:string":3,"minecraft:moss_carpet":1,"minecraft:raw_copper":164,"tacz:ammo":180,"minecraft:cracked_stone_bricks":1,"minecraft:cobbled_deepslate":7,"minecraft:spruce_planks":2,"minecraft:beef":2,"minecraft:cobblestone_slab":1,"minecraft:iron_pickaxe":1,"minecraft:spruce_trapdoor":2,"minecraft:mangrove_log":2,"minecraft:raw_iron":54,"minecraft:stick":3,"minecraft:torch":3,"minecraft:spruce_stairs":3,"minecraft:spruce_fence":3,"born_in_chaos_v1:pieceofdarkmetal":2,"minecraft:carrot":1,"minecraft:diorite":43,"minecraft:redstone":1,"minecraft:rotten_flesh":7,"tconstruct:sky_slime_ball":1,"minecraft:stone_shovel":1,"born_in_chaos_v1:wood_splitter_axe":1,"minecraft:mutton":2,"minecraft:white_wool":1,"minecraft:bone_block":9,"minecraft:cobblestone":176,"born_in_chaos_v1:corpse_maggot":4,"minecraft:andesite":20,"minecraft:leather":1,"minecraft:flint":3,"minecraft:oak_log":2,"minecraft:gunpowder":1,"minecraft:dirt":7,"minecraft:lantern":1,"minecraft:polished_granite":1,"weeping_angels:kontron_ingot":2,"minecraft:bone":3,"minecraft:raw_gold":3,"minecraft:iron_ingot":3,"the_slumbering_omen:irestoneshard":3,"minecraft:sweet_berries":22,"born_in_chaos_v1:ethereal_spirit":1,"minecraft:gravel":17,"minecraft:spruce_sapling":4,"minecraft:white_bed":7,"minecraft:spruce_log":21,"minecraft:mossy_cobblestone":11,"minecraft:soul_lantern":1,"tacz:modern_kinetic_gun":1,"minecraft:granite":30,"minecraft:bricks":3,"minecraft:coal":85},"minecraft:dropped":{"minecraft:cobblestone":2,"minecraft:cracked_stone_bricks":1,"minecraft:iron_pickaxe":1,"the_slumbering_omen:irestoneshard":2,"minecraft:stone_shovel":1,"minecraft:white_bed":1,"minecraft:spruce_trapdoor":1,"minecraft:andesite":13},"minecraft:killed":{"weeping_angels:weeping_angel":1,"minecraft:witch":1,"born_in_chaos_v1:zombie_lumberjack":2,"minecraft:spider":1,"born_in_chaos_v1:scarlet_persecutor":1,"born_in_chaos_v1:maggot":7,"minecraft:skeleton":1,"the_slumbering_omen:corruptzombie":1,"boh:rake":1,"born_in_chaos_v1:baby_skeleton":2,"born_in_chaos_v1:decrepit_skeleton":1,"minecraft:sheep":1,"born_in_chaos_v1:zombie_fisherman":1,"minecraft:zombie":9,"the_slumbering_omen:combatscout":1,"cave_dweller:cave_dweller":1,"born_in_chaos_v1:door_knight":1,"boh:jeff_the_killer":1,"minecraft:cow":1},"minecraft:killed_by":{"minecraft:creeper":1,"man:managgresive":1,"the_slumbering_omen:combatscout":1,"minecraft:zombie":1,"cavenoise_overhaul:cavenoise_overhaul":1},"minecraft:crafted":{"minecraft:smooth_stone":3,"minecraft:stone_shovel":1,"minecraft:furnace":1,"minecraft:blast_furnace":1,"minecraft:stone":3,"minecraft:stone_pickaxe":1,"quark:spruce_chest":1,"minecraft:crafting_table":2,"minecraft:spruce_planks":64,"minecraft:iron_helmet":1,"minecraft:baked_potato":32,"minecraft:wooden_pickaxe":1,"minecraft:copper_ingot":100,"minecraft:campfire":1,"minecraft:stone_axe":1,"minecraft:shield":1,"minecraft:stick":56,"minecraft:iron_ingot":10,"minecraft:iron_pickaxe":1,"minecraft:wooden_axe":1,"minecraft:torch":136},"minecraft:custom":{"minecraft:interact_with_smithing_table":1,"lootr:looted_stat":36,"minecraft:mob_kills":34,"minecraft:interact_with_crafting_table":14,"minecraft:damage_dealt_resisted":319,"minecraft:leave_game":2,"minecraft:time_since_death":21776,"minecraft:climb_one_cm":698,"minecraft:sprint_one_cm":445072,"minecraft:walk_one_cm":298263,"minecraft:damage_blocked_by_shield":1430,"minecraft:drop":9,"minecraft:talked_to_villager":7,"minecraft:play_time":117746,"minecraft:deaths":5,"minecraft:sneak_time":2473,"minecraft:walk_under_water_one_cm":7240,"minecraft:jump":1913,"minecraft:interact_with_blast_furnace":9,"minecraft:walk_on_water_one_cm":57647,"minecraft:total_world_time":117746,"minecraft:interact_with_furnace":16,"minecraft:traded_with_villager":1,"minecraft:interact_with_loom":1,"minecraft:interact_with_grindstone":2,"minecraft:sleep_in_bed":10,"minecraft:time_since_rest":1822,"minecraft:damage_taken":2802,"minecraft:damage_dealt":4909,"minecraft:player_kills":2,"minecraft:swim_one_cm":46569,"minecraft:fly_one_cm":267345,"minecraft:open_chest":8,"minecraft:crouch_one_cm":2191,"minecraft:fall_one_cm":30362},"minecraft:broken":{"minecraft:iron_pickaxe":1,"minecraft:wooden_axe":1},"minecraft:mined":{"minecraft:spruce_planks":2,"minecraft:white_bed":6,"minecraft:mossy_cobblestone":11,"minecraft:spruce_trapdoor":1,"minecraft:granite":16,"minecraft:spruce_fence":3,"minecraft:spruce_leaves":20,"minecraft:large_fern":5,"minecraft:iron_ore":41,"minecraft:cobbled_deepslate":2,"minecraft:andesite":19,"treechop:chopped_log":4,"minecraft:stripped_spruce_log":1,"minecraft:moss_carpet":1,"minecraft:sculk_shrieker":1,"minecraft:cobblestone_slab":1,"minecraft:deepslate_iron_ore":9,"minecraft:stone":138,"minecraft:brown_mushroom":11,"minecraft:crafting_table":5,"minecraft:blast_furnace":1,"minecraft:dead_bush":1,"minecraft:tall_grass":5,"minecraft:copper_ore":43,"minecraft:cobblestone":6,"minecraft:deepslate_gold_ore":3,"minecraft:lily_pad":1,"minecraft:diorite":41,"minecraft:wall_torch":1,"minecraft:spruce_stairs":3,"minecraft:spruce_log":1,"weeping_angels:kontron_ore":2,"minecraft:birch_leaves":1,"minecraft:grass":6,"minecraft:coal_ore":75,"minecraft:gravel":19,"minecraft:dirt":8,"minecraft:cracked_stone_bricks":1,"minecraft:deepslate":3},"minecraft:used":{"minecraft:stone_shovel":39,"minecraft:spruce_planks":23,"minecraft:shield":33,"minecraft:iron_sword":9,"minecraft:iron_chestplate":1,"minecraft:torch":137,"minecraft:granite":1,"born_in_chaos_v1:corpse_maggot":1,"minecraft:wooden_axe":57,"quark:spruce_chest":1,"minecraft:iron_helmet":1,"minecraft:iron_boots":1,"minecraft:sweet_berries":6,"minecraft:potato":4,"minecraft:stone_pickaxe":8,"minecraft:baked_potato":7,"minecraft:wooden_pickaxe":15,"minecraft:crafting_table":7,"minecraft:blast_furnace":1,"minecraft:campfire":1,"minecraft:white_bed":5,"minecraft:apple":29,"minecraft:bread":17,"minecraft:iron_pickaxe":405,"minecraft:stone_axe":83,"minecraft:cobblestone":29,"minecraft:andesite":7}},"DataVersion":3120}