{"stats":{"minecraft:killed":{"minecraft:pig":4,"born_in_chaos_v1:decrepit_skeleton":1,"minecraft:sheep":1,"minecraft:chicken":1,"born_in_chaos_v1:corpse_fly":4,"minecraft:drowned":1,"alexsmobs:fly":1,"apollyon:the_damned":1,"minecraft:cow":1},"minecraft:dropped":{"minecraft:smooth_stone_slab":1},"minecraft:mined":{"minecraft:mossy_cobblestone":1,"minecraft:oak_fence":1,"minecraft:crafting_table":5,"minecraft:grass_block":2,"minecraft:campfire":2,"minecraft:tall_grass":22,"minecraft:copper_ore":21,"minecraft:cobblestone":3,"minecraft:moss_block":5,"minecraft:diorite":1,"minecraft:spawner":1,"minecraft:furnace":2,"minecraft:birch_log":3,"minecraft:iron_ore":7,"weeping_angels:kontron_ore":9,"minecraft:black_carpet":3,"treechop:chopped_log":6,"minecraft:yellow_bed":1,"minecraft:grass":28,"minecraft:coal_ore":10,"minecraft:iron_bars":1,"minecraft:dirt":2,"minecraft:gray_carpet":9,"minecraft:stone":55,"horror_element_mod:spider_head":1},"minecraft:custom":{"minecraft:interact_with_furnace":13,"minecraft:mob_kills":15,"minecraft:interact_with_crafting_table":11,"minecraft:leave_game":4,"minecraft:time_since_death":132,"minecraft:sleep_in_bed":2,"minecraft:climb_one_cm":5837,"minecraft:time_since_rest":191,"minecraft:sprint_one_cm":229328,"minecraft:damage_taken":1641,"minecraft:walk_one_cm":160852,"minecraft:drop":1,"minecraft:damage_dealt":2005,"minecraft:swim_one_cm":48047,"minecraft:talked_to_villager":2,"minecraft:fly_one_cm":164478,"minecraft:crouch_one_cm":1103,"minecraft:play_time":60510,"minecraft:deaths":5,"minecraft:sneak_time":850,"minecraft:walk_under_water_one_cm":2300,"minecraft:jump":983,"minecraft:walk_on_water_one_cm":7358,"minecraft:interact_with_smoker":1,"minecraft:total_world_time":60510,"minecraft:fall_one_cm":22380},"minecraft:crafted":{"minecraft:cooked_beef":1,"minecraft:cooked_porkchop":9,"minecraft:crafting_table":1,"minecraft:wooden_pickaxe":1,"minecraft:furnace":2,"minecraft:birch_planks":68,"minecraft:campfire":2,"minecraft:stone_axe":1,"minecraft:stick":48,"minecraft:stone_pickaxe":1,"minecraft:wooden_axe":1},"minecraft:used":{"minecraft:birch_planks":4,"minecraft:stone_pickaxe":108,"minecraft:wooden_pickaxe":9,"minecraft:rotten_flesh":1,"minecraft:crafting_table":5,"minecraft:campfire":2,"minecraft:wooden_axe":51,"minecraft:stone_axe":108,"minecraft:cobblestone":11,"minecraft:furnace":3,"minecraft:cooked_porkchop":5,"minecraft:yellow_bed":1,"minecraft:cooked_beef":1},"minecraft:killed_by":{"man:managgresive":1,"apollyon:the_damned":2,"minecraft:creeper":1,"minecraft:zombie":1},"minecraft:broken":{"minecraft:wooden_axe":1},"minecraft:picked_up":{"minecraft:birch_log":56,"born_in_chaos_v1:corpse_maggot":5,"minecraft:charcoal":4,"minecraft:crafting_table":5,"minecraft:black_carpet":4,"minecraft:feather":1,"minecraft:chicken":1,"minecraft:yellow_bed":1,"minecraft:dirt":4,"minecraft:raw_copper":75,"weeping_angels:kontron_ingot":9,"minecraft:smooth_stone_slab":1,"minecraft:bone":2,"minecraft:gray_carpet":9,"minecraft:wheat_seeds":10,"minecraft:beef":1,"minecraft:iron_ingot":1,"minecraft:moss_block":5,"horror_element_mod:spider_head":1,"minecraft:birch_sapling":13,"minecraft:oak_planks":2,"minecraft:furnace":2,"minecraft:stick":10,"minecraft:raw_iron":7,"minecraft:oak_fence":1,"minecraft:porkchop":9,"minecraft:spruce_log":1,"minecraft:rotten_flesh":3,"knight_quest:kq_great_essence":1,"alexsmobs:maggot":2,"minecraft:coal":13,"minecraft:iron_bars":1,"minecraft:cobblestone":55}},"DataVersion":3120}