{"stats":{"minecraft:crafted":{"minecraft:birch_planks":64,"minecraft:crafting_table":1,"minecraft:wooden_axe":1},"minecraft:mined":{"minecraft:grass_block":1,"minecraft:birch_log":3,"treechop:chopped_log":3,"minecraft:crafting_table":1},"minecraft:custom":{"minecraft:time_since_rest":6275,"minecraft:crouch_one_cm":196,"minecraft:sprint_one_cm":8141,"minecraft:play_time":6275,"minecraft:walk_one_cm":16034,"minecraft:sneak_time":173,"minecraft:jump":52,"minecraft:leave_game":1,"minecraft:time_since_death":6275,"minecraft:total_world_time":6275,"minecraft:fall_one_cm":745,"minecraft:interact_with_crafting_table":2,"minecraft:fly_one_cm":5937},"minecraft:used":{"minecraft:wooden_axe":21,"minecraft:crafting_table":1},"minecraft:picked_up":{"minecraft:birch_log":30,"minecraft:stick":9,"minecraft:crafting_table":1,"minecraft:birch_sapling":7,"minecraft:dirt":1}},"DataVersion":3120}