{"stats":{"minecraft:killed":{"minecraft:pig":4,"minecraft:wandering_trader":1,"born_in_chaos_v1:decrepit_skeleton":1,"minecraft:sheep":1,"minecraft:skeleton":3,"minecraft:zombie":2,"born_in_chaos_v1:dread_hound":1,"minecraft:chicken":1,"born_in_chaos_v1:corpse_fly":4,"alexsmobs:fly":1,"minecraft:drowned":1,"apollyon:the_damned":1,"minecraft:cow":1},"minecraft:dropped":{"minecraft:stone_axe":1,"minecraft:smooth_stone_slab":1,"minecraft:raw_iron":1,"minecraft:rotten_flesh":2,"horror_element_mod:spider_head":1,"minecraft:wooden_pickaxe":1},"minecraft:mined":{"minecraft:mossy_cobblestone":1,"minecraft:oak_fence":1,"minecraft:crafting_table":6,"minecraft:granite":72,"minecraft:grass_block":2,"minecraft:campfire":2,"minecraft:copper_ore":41,"minecraft:tall_grass":22,"minecraft:cobblestone":4,"minecraft:lapis_ore":5,"minecraft:moss_block":5,"minecraft:diorite":2,"minecraft:wall_torch":2,"minecraft:spawner":1,"minecraft:birch_planks":3,"minecraft:furnace":3,"minecraft:birch_log":3,"minecraft:iron_ore":52,"weeping_angels:kontron_ore":9,"treechop:chopped_log":6,"minecraft:andesite":1,"minecraft:black_carpet":3,"minecraft:yellow_bed":1,"minecraft:grass":28,"minecraft:coal_ore":58,"minecraft:iron_bars":1,"minecraft:gravel":10,"minecraft:dirt":2,"minecraft:gray_carpet":9,"minecraft:stone":184,"horror_element_mod:spider_head":1,"minecraft:dark_oak_planks":6},"minecraft:custom":{"minecraft:interact_with_furnace":28,"minecraft:mob_kills":23,"minecraft:interact_with_crafting_table":37,"minecraft:open_barrel":1,"minecraft:leave_game":8,"minecraft:time_since_death":6866,"minecraft:sleep_in_bed":7,"minecraft:climb_one_cm":7405,"minecraft:time_since_rest":4522,"minecraft:sprint_one_cm":378779,"minecraft:damage_taken":4522,"minecraft:walk_one_cm":334664,"minecraft:drop":6,"minecraft:damage_dealt":4167,"minecraft:swim_one_cm":48047,"minecraft:talked_to_villager":6,"minecraft:fly_one_cm":249878,"minecraft:open_chest":11,"minecraft:crouch_one_cm":1552,"minecraft:play_time":119436,"minecraft:deaths":12,"minecraft:sneak_time":1081,"minecraft:walk_under_water_one_cm":3777,"minecraft:jump":1849,"minecraft:interact_with_blast_furnace":12,"minecraft:walk_on_water_one_cm":17158,"minecraft:total_world_time":119436,"minecraft:interact_with_smoker":5,"minecraft:fall_one_cm":40630},"minecraft:crafted":{"minecraft:cooked_beef":4,"minecraft:smooth_stone":3,"quark:birch_chest":1,"minecraft:cooked_porkchop":9,"minecraft:crafting_table":2,"minecraft:wooden_pickaxe":1,"minecraft:iron_helmet":1,"minecraft:furnace":4,"minecraft:blast_furnace":1,"minecraft:copper_ingot":30,"minecraft:stone":9,"minecraft:birch_planks":92,"minecraft:campfire":2,"minecraft:stone_axe":2,"minecraft:iron_chestplate":1,"minecraft:iron_boots":1,"minecraft:shield":1,"minecraft:stick":48,"minecraft:iron_ingot":51,"minecraft:stone_pickaxe":4,"minecraft:wooden_axe":1,"minecraft:iron_leggings":1,"minecraft:torch":72},"minecraft:used":{"minecraft:diorite":1,"quark:birch_chest":1,"minecraft:birch_planks":60,"minecraft:stone_pickaxe":430,"minecraft:wooden_pickaxe":29,"minecraft:rotten_flesh":1,"minecraft:iron_chestplate":1,"minecraft:torch":79,"minecraft:crafting_table":7,"minecraft:blast_furnace":1,"minecraft:campfire":2,"minecraft:granite":27,"born_in_chaos_v1:corpse_maggot":5,"minecraft:wooden_axe":51,"alexsmobs:maggot":2,"minecraft:iron_boots":1,"minecraft:iron_helmet":1,"minecraft:stone_axe":157,"minecraft:cobblestone":23,"minecraft:furnace":4,"minecraft:cooked_porkchop":9,"minecraft:yellow_bed":3,"alexsmobs:animal_dictionary":1,"minecraft:cooked_beef":6,"minecraft:iron_leggings":1},"minecraft:killed_by":{"thestarvedstalker:the_starved_stalker_aggro":1,"man:managgresive":2,"apollyon:the_damned":3,"minecraft:creeper":2,"minecraft:zombie":1,"cavenoise_overhaul:cavenoise_overhaul":2},"minecraft:broken":{"minecraft:stone_pickaxe":3,"minecraft:stone_axe":1,"minecraft:wooden_axe":1},"minecraft:picked_up":{"minecraft:birch_log":56,"minecraft:charcoal":4,"born_in_chaos_v1:corpse_maggot":5,"minecraft:crafting_table":6,"minecraft:black_carpet":4,"minecraft:feather":1,"minecraft:cooked_beef":2,"minecraft:chicken":1,"born_in_chaos_v1:monster_flesh":1,"minecraft:andesite":1,"minecraft:leather":1,"minecraft:wooden_pickaxe":1,"minecraft:birch_planks":2,"minecraft:yellow_bed":3,"minecraft:gunpowder":7,"minecraft:lapis_lazuli":27,"minecraft:dirt":4,"minecraft:raw_copper":148,"weeping_angels:kontron_ingot":9,"minecraft:smooth_stone_slab":1,"born_in_chaos_v1:monster_skin":1,"tacz:ammo":180,"minecraft:bone":7,"minecraft:gray_carpet":9,"minecraft:wheat_seeds":10,"minecraft:iron_ingot":1,"minecraft:beef":1,"minecraft:moss_block":5,"minecraft:birch_sapling":13,"horror_element_mod:spider_head":1,"minecraft:oak_planks":2,"minecraft:furnace":3,"minecraft:raw_iron":52,"minecraft:stick":10,"minecraft:oak_fence":1,"minecraft:torch":9,"minecraft:gravel":9,"minecraft:porkchop":9,"minecraft:diorite":1,"minecraft:spruce_log":1,"minecraft:dark_oak_planks":6,"minecraft:arrow":1,"minecraft:rotten_flesh":7,"minecraft:stone_axe":1,"tacz:modern_kinetic_gun":1,"minecraft:granite":72,"knight_quest:kq_great_essence":1,"alexsmobs:maggot":2,"minecraft:iron_bars":1,"minecraft:coal":60,"minecraft:cobblestone":197}},"DataVersion":3120}