{"stats":{"minecraft:killed":{"minecraft:pig":4,"born_in_chaos_v1:decrepit_skeleton":1,"born_in_chaos_v1:corpse_fly":4,"minecraft:chicken":1,"alexsmobs:fly":1,"minecraft:drowned":1,"minecraft:cow":1},"minecraft:mined":{"minecraft:mossy_cobblestone":1,"minecraft:oak_fence":1,"minecraft:crafting_table":5,"minecraft:grass_block":2,"minecraft:campfire":2,"minecraft:cobblestone":3,"minecraft:tall_grass":22,"minecraft:moss_block":5,"minecraft:spawner":1,"minecraft:furnace":2,"minecraft:birch_log":3,"treechop:chopped_log":6,"minecraft:black_carpet":3,"minecraft:grass":28,"minecraft:coal_ore":4,"minecraft:iron_bars":1,"minecraft:dirt":2,"minecraft:gray_carpet":9,"minecraft:stone":50,"horror_element_mod:spider_head":1},"minecraft:custom":{"minecraft:interact_with_furnace":13,"minecraft:mob_kills":13,"minecraft:interact_with_crafting_table":11,"minecraft:leave_game":2,"minecraft:time_since_death":26265,"minecraft:sleep_in_bed":1,"minecraft:climb_one_cm":4710,"minecraft:time_since_rest":4193,"minecraft:sprint_one_cm":173451,"minecraft:damage_taken":1331,"minecraft:walk_one_cm":128667,"minecraft:damage_dealt":1506,"minecraft:swim_one_cm":48047,"minecraft:talked_to_villager":2,"minecraft:fly_one_cm":114876,"minecraft:crouch_one_cm":845,"minecraft:play_time":48970,"minecraft:deaths":4,"minecraft:sneak_time":532,"minecraft:walk_under_water_one_cm":2300,"minecraft:jump":707,"minecraft:walk_on_water_one_cm":7358,"minecraft:total_world_time":48970,"minecraft:interact_with_smoker":1,"minecraft:fall_one_cm":17905},"minecraft:crafted":{"minecraft:cooked_beef":1,"minecraft:cooked_porkchop":9,"minecraft:crafting_table":1,"minecraft:wooden_pickaxe":1,"minecraft:furnace":2,"minecraft:birch_planks":68,"minecraft:campfire":2,"minecraft:stone_axe":1,"minecraft:stick":48,"minecraft:stone_pickaxe":1,"minecraft:wooden_axe":1},"minecraft:used":{"minecraft:stone_pickaxe":59,"minecraft:wooden_pickaxe":9,"minecraft:rotten_flesh":1,"minecraft:crafting_table":5,"minecraft:campfire":2,"minecraft:wooden_axe":51,"minecraft:stone_axe":99,"minecraft:cobblestone":3,"minecraft:furnace":3,"minecraft:cooked_porkchop":3,"minecraft:cooked_beef":1},"minecraft:killed_by":{"man:managgresive":1,"apollyon:the_damned":2,"minecraft:zombie":1},"minecraft:broken":{"minecraft:wooden_axe":1},"minecraft:picked_up":{"minecraft:birch_log":56,"born_in_chaos_v1:corpse_maggot":5,"minecraft:charcoal":4,"minecraft:crafting_table":5,"minecraft:black_carpet":4,"minecraft:feather":1,"minecraft:chicken":1,"minecraft:dirt":4,"minecraft:smooth_stone_slab":1,"minecraft:bone":2,"minecraft:gray_carpet":9,"minecraft:wheat_seeds":4,"minecraft:iron_ingot":1,"minecraft:beef":1,"minecraft:moss_block":5,"horror_element_mod:spider_head":1,"minecraft:birch_sapling":13,"minecraft:furnace":2,"minecraft:stick":10,"minecraft:oak_fence":1,"minecraft:porkchop":9,"minecraft:spruce_log":1,"minecraft:rotten_flesh":3,"knight_quest:kq_great_essence":1,"alexsmobs:maggot":2,"minecraft:coal":7,"minecraft:iron_bars":1,"minecraft:cobblestone":49}},"DataVersion":3120}