{"stats":{"minecraft:picked_up":{"minecraft:stick":3,"minecraft:crafting_table":2,"minecraft:spruce_sapling":2,"minecraft:white_bed":4,"minecraft:spruce_log":21,"minecraft:lantern":1,"minecraft:mossy_cobblestone":3,"minecraft:polished_granite":1,"tconstruct:sky_slime_ball":1,"minecraft:granite":1,"minecraft:iron_pickaxe":1,"minecraft:bricks":3},"minecraft:dropped":{"minecraft:iron_pickaxe":1},"minecraft:killed":{"weeping_angels:weeping_angel":1,"boh:rake":1,"boh:jeff_the_killer":1},"minecraft:killed_by":{"man:managgresive":1,"the_slumbering_omen:combatscout":1,"minecraft:creeper":1},"minecraft:crafted":{"minecraft:shield":1,"minecraft:crafting_table":2,"minecraft:spruce_planks":52,"minecraft:stick":40,"minecraft:wooden_pickaxe":1,"minecraft:wooden_axe":1},"minecraft:custom":{"minecraft:time_since_rest":7212,"lootr:looted_stat":4,"minecraft:sprint_one_cm":110892,"minecraft:damage_taken":1010,"minecraft:walk_one_cm":57610,"minecraft:mob_kills":3,"minecraft:drop":1,"minecraft:damage_dealt":1218,"minecraft:interact_with_crafting_table":3,"minecraft:player_kills":2,"minecraft:swim_one_cm":13865,"minecraft:fly_one_cm":55489,"minecraft:open_chest":7,"minecraft:crouch_one_cm":390,"minecraft:play_time":27746,"minecraft:deaths":3,"minecraft:sneak_time":396,"minecraft:walk_under_water_one_cm":2803,"minecraft:jump":319,"minecraft:leave_game":2,"minecraft:time_since_death":7183,"minecraft:walk_on_water_one_cm":31369,"minecraft:sleep_in_bed":3,"minecraft:total_world_time":27746,"minecraft:fall_one_cm":7280},"minecraft:mined":{"minecraft:large_fern":5,"minecraft:white_bed":4,"minecraft:mossy_cobblestone":3,"minecraft:spruce_log":1,"minecraft:birch_leaves":1,"treechop:chopped_log":3,"minecraft:crafting_table":2,"minecraft:grass":2,"minecraft:sculk_shrieker":1,"minecraft:dead_bush":1,"minecraft:spruce_leaves":6},"minecraft:used":{"minecraft:wooden_axe":33,"minecraft:bread":6,"minecraft:wooden_pickaxe":15,"minecraft:sweet_berries":6,"minecraft:crafting_table":3,"minecraft:white_bed":3}},"DataVersion":3120}