{"stats":{"minecraft:picked_up":{"minecraft:crafting_table":5,"minecraft:andesite":20,"minecraft:leather":1,"minecraft:brown_mushroom":9,"minecraft:flint":3,"minecraft:dirt":7,"minecraft:moss_carpet":1,"minecraft:lantern":1,"minecraft:raw_copper":99,"minecraft:polished_granite":1,"weeping_angels:kontron_ingot":1,"tacz:ammo":180,"minecraft:cracked_stone_bricks":1,"minecraft:cobbled_deepslate":4,"minecraft:spruce_planks":2,"minecraft:iron_ingot":3,"minecraft:beef":2,"minecraft:cobblestone_slab":1,"minecraft:iron_pickaxe":1,"minecraft:spruce_trapdoor":2,"minecraft:stick":3,"minecraft:raw_iron":24,"minecraft:sweet_berries":22,"minecraft:torch":3,"minecraft:spruce_stairs":3,"minecraft:gravel":16,"minecraft:spruce_fence":3,"minecraft:diorite":41,"minecraft:spruce_sapling":4,"minecraft:white_bed":7,"minecraft:spruce_log":21,"minecraft:mossy_cobblestone":11,"tconstruct:sky_slime_ball":1,"minecraft:stone_shovel":1,"tacz:modern_kinetic_gun":1,"minecraft:soul_lantern":1,"minecraft:granite":30,"minecraft:coal":82,"minecraft:mutton":2,"minecraft:bricks":3,"minecraft:white_wool":1,"minecraft:cobblestone":176},"minecraft:dropped":{"minecraft:stone_shovel":1,"minecraft:cobblestone":2,"minecraft:cracked_stone_bricks":1,"minecraft:white_bed":1,"minecraft:andesite":13,"minecraft:spruce_trapdoor":1,"minecraft:iron_pickaxe":1},"minecraft:killed":{"weeping_angels:weeping_angel":1,"boh:rake":1,"minecraft:sheep":1,"the_slumbering_omen:combatscout":1,"cave_dweller:cave_dweller":1,"boh:jeff_the_killer":1,"minecraft:cow":1},"minecraft:killed_by":{"man:managgresive":1,"the_slumbering_omen:combatscout":1,"minecraft:creeper":1,"minecraft:zombie":1},"minecraft:crafted":{"minecraft:smooth_stone":3,"minecraft:stone_shovel":1,"minecraft:crafting_table":2,"minecraft:spruce_planks":52,"minecraft:wooden_pickaxe":1,"minecraft:baked_potato":32,"minecraft:iron_helmet":1,"minecraft:furnace":1,"minecraft:blast_furnace":1,"minecraft:copper_ingot":30,"minecraft:stone":3,"minecraft:stone_axe":1,"minecraft:shield":1,"minecraft:stick":40,"minecraft:iron_ingot":10,"minecraft:iron_pickaxe":1,"minecraft:stone_pickaxe":1,"minecraft:wooden_axe":1,"minecraft:torch":88},"minecraft:custom":{"minecraft:interact_with_smithing_table":1,"lootr:looted_stat":36,"minecraft:interact_with_furnace":14,"minecraft:mob_kills":7,"minecraft:traded_with_villager":1,"minecraft:interact_with_crafting_table":11,"minecraft:interact_with_loom":1,"minecraft:interact_with_grindstone":2,"minecraft:leave_game":2,"minecraft:time_since_death":7993,"minecraft:sleep_in_bed":8,"minecraft:climb_one_cm":698,"minecraft:time_since_rest":8077,"minecraft:sprint_one_cm":394181,"minecraft:damage_taken":1738,"minecraft:walk_one_cm":214058,"minecraft:damage_blocked_by_shield":440,"minecraft:drop":7,"minecraft:damage_dealt":2138,"minecraft:swim_one_cm":46366,"minecraft:talked_to_villager":7,"minecraft:fly_one_cm":236232,"minecraft:player_kills":2,"minecraft:open_chest":7,"minecraft:crouch_one_cm":877,"minecraft:play_time":93746,"minecraft:deaths":4,"minecraft:sneak_time":876,"minecraft:walk_under_water_one_cm":6457,"minecraft:jump":1556,"minecraft:interact_with_blast_furnace":4,"minecraft:walk_on_water_one_cm":55716,"minecraft:total_world_time":93746,"minecraft:fall_one_cm":22368},"minecraft:broken":{"minecraft:iron_pickaxe":1,"minecraft:wooden_axe":1},"minecraft:mined":{"minecraft:spruce_planks":2,"minecraft:white_bed":6,"minecraft:brown_mushroom":11,"minecraft:mossy_cobblestone":11,"minecraft:granite":16,"minecraft:crafting_table":5,"minecraft:spruce_trapdoor":1,"minecraft:blast_furnace":1,"minecraft:spruce_fence":3,"minecraft:dead_bush":1,"minecraft:copper_ore":28,"minecraft:tall_grass":5,"minecraft:cobblestone":6,"minecraft:spruce_leaves":20,"minecraft:lily_pad":1,"minecraft:diorite":39,"minecraft:wall_torch":1,"minecraft:large_fern":5,"minecraft:spruce_stairs":3,"minecraft:iron_ore":20,"minecraft:cobbled_deepslate":2,"weeping_angels:kontron_ore":1,"minecraft:andesite":19,"minecraft:spruce_log":1,"minecraft:moss_carpet":1,"minecraft:birch_leaves":1,"minecraft:stripped_spruce_log":1,"treechop:chopped_log":4,"minecraft:grass":6,"minecraft:sculk_shrieker":1,"minecraft:coal_ore":74,"minecraft:cobblestone_slab":1,"minecraft:gravel":19,"minecraft:dirt":7,"minecraft:cracked_stone_bricks":1,"minecraft:stone":135},"minecraft:used":{"minecraft:stone_shovel":26,"minecraft:stone_pickaxe":8,"minecraft:shield":6,"minecraft:spruce_planks":23,"minecraft:wooden_pickaxe":15,"minecraft:iron_chestplate":1,"minecraft:torch":61,"minecraft:crafting_table":7,"minecraft:blast_furnace":1,"minecraft:white_bed":5,"minecraft:granite":1,"minecraft:wooden_axe":57,"minecraft:apple":13,"minecraft:bread":17,"minecraft:iron_pickaxe":346,"minecraft:iron_helmet":1,"minecraft:iron_boots":1,"minecraft:stone_axe":43,"minecraft:cobblestone":26,"minecraft:sweet_berries":6,"minecraft:andesite":7,"minecraft:potato":4}},"DataVersion":3120}