{"stats":{"minecraft:picked_up":{"minecraft:stick":3,"minecraft:crafting_table":4,"minecraft:sweet_berries":22,"minecraft:leather":1,"minecraft:brown_mushroom":9,"minecraft:spruce_sapling":2,"minecraft:white_bed":7,"minecraft:spruce_log":21,"minecraft:lantern":1,"minecraft:mossy_cobblestone":3,"minecraft:polished_granite":1,"tconstruct:sky_slime_ball":1,"minecraft:soul_lantern":1,"minecraft:cobbled_deepslate":4,"minecraft:spruce_planks":2,"minecraft:beef":2,"minecraft:granite":1,"minecraft:cobblestone_slab":1,"minecraft:iron_pickaxe":1,"minecraft:bricks":3,"minecraft:cobblestone":3},"minecraft:dropped":{"minecraft:iron_pickaxe":1,"minecraft:white_bed":1},"minecraft:killed":{"weeping_angels:weeping_angel":1,"boh:rake":1,"the_slumbering_omen:combatscout":1,"boh:jeff_the_killer":1,"minecraft:cow":1},"minecraft:killed_by":{"man:managgresive":1,"the_slumbering_omen:combatscout":1,"minecraft:creeper":1},"minecraft:crafted":{"minecraft:shield":1,"minecraft:crafting_table":2,"minecraft:spruce_planks":52,"minecraft:stick":40,"minecraft:stone_pickaxe":1,"minecraft:wooden_pickaxe":1,"minecraft:wooden_axe":1,"minecraft:stone_axe":1},"minecraft:custom":{"minecraft:time_since_rest":5121,"lootr:looted_stat":6,"minecraft:sprint_one_cm":262963,"minecraft:damage_taken":1170,"minecraft:walk_one_cm":88731,"minecraft:mob_kills":5,"minecraft:drop":2,"minecraft:damage_dealt":1622,"minecraft:interact_with_crafting_table":5,"minecraft:player_kills":2,"minecraft:swim_one_cm":46366,"minecraft:fly_one_cm":149696,"minecraft:open_chest":7,"minecraft:crouch_one_cm":593,"minecraft:play_time":45746,"minecraft:deaths":3,"minecraft:sneak_time":717,"minecraft:walk_under_water_one_cm":5531,"minecraft:jump":798,"minecraft:leave_game":2,"minecraft:time_since_death":25183,"minecraft:walk_on_water_one_cm":41571,"minecraft:sleep_in_bed":5,"minecraft:climb_one_cm":372,"minecraft:total_world_time":45746,"minecraft:fall_one_cm":16207},"minecraft:broken":{"minecraft:wooden_axe":1},"minecraft:mined":{"minecraft:large_fern":5,"minecraft:spruce_planks":2,"minecraft:brown_mushroom":11,"minecraft:white_bed":6,"minecraft:mossy_cobblestone":3,"minecraft:cobbled_deepslate":2,"minecraft:spruce_log":1,"minecraft:birch_leaves":1,"treechop:chopped_log":3,"minecraft:crafting_table":4,"minecraft:grass":5,"minecraft:sculk_shrieker":1,"minecraft:cobblestone_slab":1,"minecraft:dead_bush":1,"minecraft:tall_grass":5,"minecraft:cobblestone":2,"minecraft:spruce_leaves":8,"minecraft:stone":1,"minecraft:lily_pad":1},"minecraft:used":{"minecraft:wooden_axe":57,"minecraft:bread":14,"minecraft:stone_pickaxe":7,"minecraft:spruce_planks":23,"minecraft:wooden_pickaxe":15,"minecraft:stone_axe":10,"minecraft:sweet_berries":6,"minecraft:crafting_table":5,"minecraft:potato":4,"minecraft:white_bed":5}},"DataVersion":3120}