{"stats":{"minecraft:mined":{"minecraft:tuff":1,"minecraft:spruce_planks":5,"minecraft:white_bed":7,"minecraft:mossy_cobblestone":13,"minecraft:deepslate_diamond_ore":3,"minecraft:spruce_trapdoor":1,"minecraft:granite":16,"minecraft:dark_oak_fence":1,"minecraft:spruce_fence":4,"minecraft:spruce_leaves":21,"minecraft:moss_block":2,"minecraft:large_fern":5,"minecraft:iron_ore":41,"minecraft:cobbled_deepslate":2,"minecraft:andesite":19,"minecraft:stripped_spruce_log":1,"minecraft:moss_carpet":1,"treechop:chopped_log":10,"minecraft:sculk_shrieker":1,"minecraft:pointed_dripstone":2,"minecraft:deepslate_iron_ore":13,"minecraft:cobblestone_slab":1,"minecraft:vine":1,"minecraft:blue_orchid":2,"minecraft:stone":140,"minecraft:podzol":1,"minecraft:brown_mushroom":11,"minecraft:crafting_table":5,"minecraft:blast_furnace":1,"minecraft:dead_bush":1,"minecraft:tall_grass":5,"minecraft:copper_ore":43,"minecraft:cobblestone":9,"minecraft:deepslate_gold_ore":8,"minecraft:lily_pad":1,"minecraft:sugar_cane":5,"minecraft:diorite":41,"minecraft:wall_torch":1,"minecraft:spruce_stairs":3,"minecraft:spruce_log":1,"weeping_angels:kontron_ore":8,"minecraft:birch_leaves":1,"minecraft:grass":9,"minecraft:coal_ore":75,"minecraft:dripstone_block":1,"minecraft:gravel":19,"minecraft:dirt":8,"minecraft:cracked_stone_bricks":1,"minecraft:oak_leaves":2,"minecraft:deepslate":7,"minecraft:fern":1},"minecraft:killed":{"weeping_angels:weeping_angel":1,"minecraft:witch":1,"born_in_chaos_v1:restless_spirit":1,"born_in_chaos_v1:zombie_lumberjack":2,"minecraft:spider":1,"born_in_chaos_v1:scarlet_persecutor":2,"born_in_chaos_v1:maggot":7,"minecraft:skeleton":4,"the_slumbering_omen:corruptzombie":1,"midnightlurker:midnight_lurker_runtrue":3,"alexsmobs:rocky_roller":1,"boh:rake":1,"born_in_chaos_v1:baby_skeleton":3,"born_in_chaos_v1:decrepit_skeleton":2,"minecraft:sheep":1,"born_in_chaos_v1:zombie_fisherman":1,"minecraft:zombie":10,"born_in_chaos_v1:dread_hound":2,"the_slumbering_omen:combatscout":3,"cave_dweller:cave_dweller":1,"born_in_chaos_v1:door_knight":2,"boh:jeff_the_killer":1,"minecraft:cow":1},"minecraft:killed_by":{"minecraft:creeper":1,"man:managgresive":1,"the_slumbering_omen:combatscout":2,"minecraft:zombie":1,"cavenoise_overhaul:cavenoise_overhaul":2},"minecraft:used":{"minecraft:stone_shovel":39,"minecraft:chest":1,"minecraft:spruce_planks":23,"minecraft:shield":66,"minecraft:iron_sword":34,"minecraft:iron_chestplate":1,"minecraft:torch":232,"minecraft:granite":1,"born_in_chaos_v1:corpse_maggot":1,"minecraft:wooden_axe":57,"quark:spruce_chest":1,"minecraft:iron_boots":1,"minecraft:iron_helmet":1,"minecraft:sweet_berries":6,"minecraft:potato":4,"minecraft:iron_leggings":1,"minecraft:cooked_mutton":2,"minecraft:stone_pickaxe":8,"minecraft:baked_potato":16,"minecraft:wooden_pickaxe":15,"minecraft:sugar_cane":7,"minecraft:crafting_table":7,"minecraft:blast_furnace":1,"minecraft:white_bed":6,"minecraft:campfire":1,"minecraft:apple":29,"minecraft:bread":25,"minecraft:iron_pickaxe":438,"minecraft:stone_axe":83,"minecraft:cobblestone":94,"minecraft:andesite":7,"born_in_chaos_v1:wood_splitter_axe":90,"minecraft:pumpkin_pie":1},"minecraft:picked_up":{"minecraft:charcoal":6,"minecraft:crafting_table":5,"born_in_chaos_v1:seedof_chaos":1,"minecraft:brown_mushroom":9,"minecraft:crimson_planks":4,"minecraft:string":3,"minecraft:moss_carpet":1,"minecraft:raw_copper":164,"tacz:ammo":360,"minecraft:blue_orchid":2,"minecraft:cracked_stone_bricks":1,"minecraft:cobbled_deepslate":9,"minecraft:spruce_planks":7,"minecraft:beef":2,"minecraft:cobblestone_slab":1,"minecraft:iron_pickaxe":1,"minecraft:sugar_cane":7,"minecraft:chest":1,"minecraft:spruce_trapdoor":3,"minecraft:mangrove_log":2,"minecraft:stick":12,"minecraft:raw_iron":58,"minecraft:oak_door":1,"minecraft:torch":26,"minecraft:spruce_stairs":4,"minecraft:spruce_fence":3,"minecraft:pointed_dripstone":7,"minecraft:redstone":1,"minecraft:diorite":43,"born_in_chaos_v1:pieceofdarkmetal":2,"minecraft:carrot":2,"minecraft:arrow":2,"minecraft:rotten_flesh":14,"minecraft:stone_shovel":1,"tconstruct:sky_slime_ball":1,"the_slumbering_omen:scoutspine":1,"born_in_chaos_v1:wood_splitter_axe":1,"the_slumbering_omen:voidmatter":4,"minecraft:mutton":2,"minecraft:bone_block":9,"minecraft:white_wool":1,"minecraft:cobblestone":180,"born_in_chaos_v1:corpse_maggot":4,"minecraft:andesite":20,"minecraft:leather":1,"minecraft:flint":3,"minecraft:tuff":1,"minecraft:oak_log":2,"minecraft:lily_pad":1,"minecraft:gunpowder":1,"minecraft:dirt":39,"minecraft:lantern":1,"minecraft:polished_granite":1,"weeping_angels:kontron_ingot":2,"minecraft:cooked_mutton":6,"minecraft:bone":4,"minecraft:wheat_seeds":3,"minecraft:raw_gold":4,"minecraft:iron_ingot":4,"the_slumbering_omen:scoutrazorclaw":2,"minecraft:dark_oak_stairs":2,"the_slumbering_omen:irestoneshard":4,"minecraft:sweet_berries":22,"born_in_chaos_v1:ethereal_spirit":1,"minecraft:gravel":17,"minecraft:crimson_stairs":1,"minecraft:spruce_sapling":11,"minecraft:white_bed":8,"minecraft:spruce_log":49,"minecraft:mossy_cobblestone":14,"minecraft:diamond":3,"tacz:modern_kinetic_gun":2,"minecraft:soul_lantern":1,"minecraft:granite":30,"minecraft:coal":85,"minecraft:dark_oak_fence":1,"minecraft:bricks":3},"minecraft:custom":{"minecraft:interact_with_smithing_table":2,"lootr:looted_stat":47,"minecraft:mob_kills":51,"minecraft:interact_with_crafting_table":20,"minecraft:damage_dealt_resisted":319,"minecraft:leave_game":6,"minecraft:time_since_death":16038,"minecraft:climb_one_cm":774,"minecraft:sprint_one_cm":720634,"minecraft:walk_one_cm":470044,"minecraft:damage_blocked_by_shield":2980,"minecraft:drop":24,"minecraft:talked_to_villager":7,"minecraft:play_time":186621,"minecraft:deaths":14,"minecraft:sneak_time":2773,"minecraft:walk_under_water_one_cm":17350,"minecraft:jump":3107,"minecraft:interact_with_blast_furnace":20,"minecraft:walk_on_water_one_cm":80588,"minecraft:total_world_time":186621,"minecraft:interact_with_furnace":23,"minecraft:traded_with_villager":1,"minecraft:interact_with_loom":1,"minecraft:interact_with_grindstone":2,"minecraft:sleep_in_bed":15,"minecraft:time_since_rest":15918,"minecraft:damage_taken":5996,"minecraft:damage_dealt":8300,"minecraft:swim_one_cm":53061,"minecraft:fly_one_cm":490751,"minecraft:player_kills":2,"minecraft:open_chest":15,"minecraft:crouch_one_cm":2517,"minecraft:fall_one_cm":54202},"minecraft:crafted":{"minecraft:smooth_stone":3,"minecraft:stone_shovel":1,"minecraft:furnace":1,"minecraft:blast_furnace":1,"minecraft:stone":3,"minecraft:cooked_mutton":6,"minecraft:stone_pickaxe":1,"quark:spruce_chest":1,"minecraft:crafting_table":2,"minecraft:spruce_planks":88,"minecraft:baked_potato":32,"minecraft:wooden_pickaxe":1,"minecraft:iron_helmet":1,"minecraft:copper_ingot":132,"minecraft:campfire":1,"minecraft:stone_axe":1,"minecraft:shield":2,"minecraft:stick":56,"minecraft:iron_pickaxe":1,"minecraft:iron_ingot":54,"minecraft:wooden_axe":1,"minecraft:iron_leggings":1,"minecraft:torch":224},"minecraft:broken":{"minecraft:shield":1,"minecraft:iron_pickaxe":1,"minecraft:wooden_axe":1},"minecraft:dropped":{"minecraft:dark_oak_stairs":1,"minecraft:cobblestone":2,"the_slumbering_omen:scoutspine":1,"minecraft:cracked_stone_bricks":1,"minecraft:dirt":2,"minecraft:dark_oak_fence":1,"minecraft:iron_pickaxe":1,"the_slumbering_omen:voidmatter":4,"minecraft:tuff":1,"minecraft:pointed_dripstone":7,"the_slumbering_omen:irestoneshard":3,"minecraft:stone_shovel":1,"minecraft:rotten_flesh":2,"the_slumbering_omen:scoutrazorclaw":2,"minecraft:cooked_mutton":6,"minecraft:white_bed":1,"minecraft:spruce_trapdoor":1,"minecraft:andesite":13,"minecraft:blue_orchid":2,"minecraft:arrow":1}},"DataVersion":3120}