{"stats":{"minecraft:picked_up":{"minecraft:stick":3,"minecraft:crafting_table":1,"minecraft:spruce_sapling":2,"minecraft:white_bed":4,"minecraft:spruce_log":21,"minecraft:lantern":1},"minecraft:killed":{"boh:rake":1,"boh:jeff_the_killer":1},"minecraft:killed_by":{"man:managgresive":1,"the_slumbering_omen:combatscout":1},"minecraft:crafted":{"minecraft:crafting_table":2,"minecraft:spruce_planks":20,"minecraft:stick":40,"minecraft:wooden_pickaxe":1,"minecraft:wooden_axe":1},"minecraft:custom":{"minecraft:time_since_rest":185,"minecraft:sprint_one_cm":66509,"lootr:looted_stat":4,"minecraft:damage_taken":780,"minecraft:walk_one_cm":35243,"minecraft:mob_kills":2,"minecraft:damage_dealt":1020,"minecraft:interact_with_crafting_table":2,"minecraft:swim_one_cm":4077,"minecraft:fly_one_cm":27924,"minecraft:player_kills":2,"minecraft:open_chest":3,"minecraft:crouch_one_cm":247,"minecraft:play_time":16259,"minecraft:deaths":2,"minecraft:sneak_time":144,"minecraft:walk_under_water_one_cm":491,"minecraft:jump":157,"minecraft:leave_game":1,"minecraft:walk_on_water_one_cm":10538,"minecraft:time_since_death":3584,"minecraft:sleep_in_bed":3,"minecraft:total_world_time":16259,"minecraft:fall_one_cm":4445},"minecraft:mined":{"minecraft:large_fern":3,"minecraft:white_bed":4,"minecraft:spruce_log":1,"treechop:chopped_log":3,"minecraft:crafting_table":1,"minecraft:dead_bush":1},"minecraft:used":{"minecraft:wooden_axe":27,"minecraft:bread":1,"minecraft:sweet_berries":6,"minecraft:crafting_table":2,"minecraft:white_bed":3}},"DataVersion":3120}