{"stats":{"minecraft:killed":{"minecraft:drowned":1},"minecraft:crafted":{"minecraft:birch_planks":64,"minecraft:crafting_table":1,"minecraft:stone_pickaxe":1,"minecraft:wooden_pickaxe":1,"minecraft:wooden_axe":1},"minecraft:mined":{"minecraft:grass_block":2,"minecraft:coal_ore":4,"minecraft:dirt":2,"minecraft:birch_log":3,"minecraft:stone":46,"treechop:chopped_log":5,"minecraft:crafting_table":2},"minecraft:custom":{"minecraft:deaths":1,"minecraft:time_since_rest":1710,"minecraft:crouch_one_cm":196,"minecraft:sprint_one_cm":60046,"minecraft:play_time":18275,"minecraft:damage_taken":390,"minecraft:walk_one_cm":43966,"minecraft:sneak_time":180,"minecraft:walk_under_water_one_cm":346,"minecraft:mob_kills":1,"minecraft:jump":210,"minecraft:damage_dealt":200,"minecraft:leave_game":1,"minecraft:walk_on_water_one_cm":1049,"minecraft:time_since_death":1650,"minecraft:total_world_time":18275,"minecraft:swim_one_cm":6911,"minecraft:fall_one_cm":5877,"minecraft:interact_with_crafting_table":4,"minecraft:fly_one_cm":31384},"minecraft:used":{"minecraft:wooden_axe":39,"minecraft:crafting_table":2,"minecraft:stone_pickaxe":44,"minecraft:wooden_pickaxe":9},"minecraft:killed_by":{"man:managgresive":1},"minecraft:picked_up":{"minecraft:birch_log":47,"minecraft:black_carpet":1,"minecraft:stick":9,"minecraft:crafting_table":2,"minecraft:coal":4,"minecraft:birch_sapling":10,"minecraft:dirt":4,"minecraft:cobblestone":46}},"DataVersion":3120}