{"stats":{"minecraft:used":{"minecraft:stone_shovel":39,"minecraft:chest":1,"minecraft:spruce_planks":40,"minecraft:shield":108,"minecraft:iron_sword":154,"minecraft:iron_chestplate":1,"minecraft:torch":270,"minecraft:granite":1,"minecraft:stripped_spruce_log":2,"born_in_chaos_v1:corpse_maggot":1,"minecraft:wooden_axe":57,"quark:spruce_chest":2,"slashblade:slashblade":87,"minecraft:iron_boots":1,"minecraft:iron_helmet":1,"minecraft:sweet_berries":6,"minecraft:potato":4,"minecraft:cobbled_deepslate":1,"minecraft:iron_leggings":1,"minecraft:cooked_mutton":4,"minecraft:stone_pickaxe":35,"minecraft:baked_potato":29,"minecraft:wooden_pickaxe":15,"minecraft:sugar_cane":7,"minecraft:cracked_stone_bricks":3,"minecraft:crafting_table":8,"minecraft:magenta_bed":10,"minecraft:blast_furnace":1,"minecraft:campfire":1,"minecraft:white_bed":10,"minecraft:spruce_log":2,"minecraft:apple":50,"minecraft:bread":74,"minecraft:iron_pickaxe":501,"minecraft:stone_axe":200,"minecraft:cobblestone":95,"minecraft:andesite":7,"born_in_chaos_v1:wood_splitter_axe":170,"minecraft:pumpkin_pie":1,"minecraft:oak_boat":1},"minecraft:killed":{"cotw:pietor":6,"minecraft:evoker":2,"weeping_angels:weeping_angel":1,"minecraft:witch":2,"born_in_chaos_v1:zombie_lumberjack":2,"born_in_chaos_v1:restless_spirit":2,"cotw:reaper":2,"minecraft:spider":2,"minecraft:vindicator":7,"born_in_chaos_v1:maggot":12,"born_in_chaos_v1:scarlet_persecutor":2,"the_slumbering_omen:corruptzombie":1,"minecraft:skeleton":6,"midnightlurker:midnight_lurker_runtrue":5,"minecraft:llama":1,"alexsmobs:rocky_roller":1,"boh:rake":1,"endofherobrine:villager":1,"born_in_chaos_v1:diamond_termite":2,"born_in_chaos_v1:baby_skeleton":3,"born_in_chaos_v1:decrepit_skeleton":2,"minecraft:sheep":1,"minecraft:pillager":46,"born_in_chaos_v1:zombie_fisherman":2,"minecraft:zombie":13,"born_in_chaos_v1:dread_hound":3,"born_in_chaos_v1:corpse_fly":2,"the_slumbering_omen:combatscout":5,"alexsmobs:crow":1,"cave_dweller:cave_dweller":2,"born_in_chaos_v1:door_knight":2,"boh:jeff_the_killer":1,"minecraft:cow":2},"minecraft:broken":{"minecraft:iron_boots":1,"minecraft:iron_chestplate":1,"minecraft:iron_leggings":1,"slashblade:slashblade":1,"minecraft:shield":2,"minecraft:iron_pickaxe":2,"minecraft:iron_helmet":1,"minecraft:wooden_axe":1,"born_in_chaos_v1:wood_splitter_axe":1},"minecraft:picked_up":{"minecraft:wheat":11,"minecraft:charcoal":16,"minecraft:crafting_table":6,"born_in_chaos_v1:diamond_termite_shard":4,"born_in_chaos_v1:seedof_chaos":1,"minecraft:brown_mushroom":9,"minecraft:crimson_planks":4,"minecraft:brewing_stand":1,"minecraft:raw_copper":189,"minecraft:string":7,"minecraft:moss_carpet":1,"tacz:ammo":540,"minecraft:blue_orchid":2,"minecraft:cracked_stone_bricks":4,"quark:spruce_chest":1,"minecraft:cobbled_deepslate":10,"minecraft:spruce_planks":38,"minecraft:beef":7,"minecraft:oak_boat":1,"minecraft:cobblestone_slab":1,"minecraft:iron_pickaxe":1,"minecraft:sugar_cane":7,"minecraft:chest":1,"minecraft:spruce_trapdoor":3,"minecraft:mangrove_log":2,"minecraft:stick":14,"cotw:witherstone":4,"minecraft:raw_iron":76,"minecraft:oak_door":1,"minecraft:torch":26,"minecraft:spruce_stairs":4,"minecraft:spruce_fence":3,"minecraft:carrot":166,"minecraft:pointed_dripstone":7,"minecraft:diorite":43,"born_in_chaos_v1:pieceofdarkmetal":2,"minecraft:redstone":1,"tconstruct:sky_slime_ball":1,"minecraft:stone_shovel":1,"minecraft:arrow":2,"slashblade:proudsoul":1,"minecraft:rotten_flesh":21,"the_slumbering_omen:scoutspine":1,"born_in_chaos_v1:wood_splitter_axe":1,"the_slumbering_omen:voidmatter":4,"minecraft:totem_of_undying":2,"minecraft:mutton":2,"minecraft:bone_block":9,"minecraft:white_wool":1,"minecraft:cobblestone":228,"born_in_chaos_v1:corpse_maggot":8,"minecraft:feather":1,"minecraft:andesite":24,"minecraft:leather":6,"minecraft:flint":3,"minecraft:tuff":1,"minecraft:oak_log":2,"minecraft:lily_pad":2,"minecraft:magenta_bed":11,"minecraft:gunpowder":1,"minecraft:lapis_lazuli":47,"minecraft:dirt":39,"minecraft:lantern":3,"minecraft:white_banner":5,"minecraft:polished_granite":1,"weeping_angels:kontron_ingot":2,"minecraft:cooked_mutton":6,"minecraft:bone":4,"minecraft:stone_bricks":12,"minecraft:wheat_seeds":37,"minecraft:raw_gold":4,"minecraft:iron_ingot":4,"the_slumbering_omen:scoutrazorclaw":2,"minecraft:mossy_stone_bricks":24,"minecraft:oak_planks":5,"minecraft:dark_oak_stairs":12,"minecraft:book":45,"the_slumbering_omen:irestoneshard":4,"minecraft:sweet_berries":22,"born_in_chaos_v1:ethereal_spirit":1,"minecraft:gravel":17,"minecraft:sand":1,"minecraft:crimson_stairs":1,"the_slumbering_omen:scoutlens":1,"minecraft:spruce_sapling":11,"minecraft:stripped_spruce_log":2,"minecraft:white_bed":13,"minecraft:spruce_log":59,"minecraft:spider_eye":1,"minecraft:mossy_cobblestone":14,"minecraft:sugar":2,"tacz:modern_kinetic_gun":2,"minecraft:soul_lantern":1,"minecraft:diamond":3,"minecraft:granite":30,"minecraft:crossbow":1,"knight_quest:kq_great_essence":1,"minecraft:emerald":4,"born_in_chaos_v1:rotten_fish":1,"minecraft:oak_sapling":5,"minecraft:dark_oak_fence":1,"minecraft:coal":124,"minecraft:bricks":3},"minecraft:custom":{"minecraft:interact_with_smithing_table":2,"lootr:looted_stat":51,"minecraft:mob_kills":147,"minecraft:interact_with_crafting_table":35,"minecraft:damage_dealt_resisted":553,"minecraft:leave_game":9,"minecraft:time_since_death":0,"minecraft:climb_one_cm":2835,"minecraft:sprint_one_cm":1162213,"minecraft:walk_one_cm":837964,"minecraft:damage_blocked_by_shield":4663,"minecraft:drop":55,"minecraft:talked_to_villager":7,"minecraft:play_time":314390,"minecraft:deaths":35,"minecraft:sneak_time":11088,"minecraft:walk_under_water_one_cm":31916,"minecraft:boat_one_cm":67487,"minecraft:jump":5293,"minecraft:interact_with_blast_furnace":21,"minecraft:walk_on_water_one_cm":129156,"minecraft:total_world_time":314390,"minecraft:interact_with_furnace":25,"minecraft:traded_with_villager":1,"minecraft:interact_with_loom":1,"minecraft:raid_trigger":1,"minecraft:interact_with_grindstone":2,"minecraft:sleep_in_bed":31,"minecraft:time_since_rest":508,"minecraft:damage_taken":14976,"minecraft:damage_dealt":23603,"minecraft:player_kills":2,"minecraft:fly_one_cm":831957,"minecraft:swim_one_cm":64432,"minecraft:open_chest":18,"minecraft:crouch_one_cm":14807,"minecraft:fall_one_cm":86691},"minecraft:killed_by":{"minecraft:evoker":1,"minecraft:player":1,"minecraft:creeper":1,"minecraft:pillager":2,"minecraft:ravager":2,"sanitydim:rotting_stalker":1,"siren_head:siren_head":2,"minecraft:vindicator":2,"man:managgresive":2,"sanitydim:sneaking_terror":1,"the_slumbering_omen:combatscout":2,"minecraft:zombie":1,"born_in_chaos_v1:dire_hound_leader":1,"cavenoise_overhaul:cavenoise_overhaul":4,"born_in_chaos_v1:dread_hound":1,"minecraft:vex":2},"minecraft:mined":{"minecraft:tuff":1,"minecraft:spruce_planks":5,"minecraft:white_bed":12,"minecraft:mossy_cobblestone":13,"minecraft:deepslate_diamond_ore":3,"minecraft:brewing_stand":1,"minecraft:spruce_trapdoor":1,"minecraft:dark_oak_fence":1,"minecraft:granite":16,"minecraft:spruce_fence":4,"minecraft:spruce_leaves":24,"minecraft:moss_block":3,"minecraft:large_fern":6,"minecraft:carrots":45,"minecraft:iron_ore":45,"minecraft:fire":18,"minecraft:cobbled_deepslate":2,"minecraft:andesite":23,"minecraft:stripped_spruce_log":1,"treechop:chopped_log":10,"minecraft:moss_carpet":1,"minecraft:deepslate_lapis_ore":2,"minecraft:sculk_shrieker":1,"minecraft:bookshelf":23,"minecraft:pointed_dripstone":2,"minecraft:vine":1,"minecraft:deepslate_iron_ore":27,"minecraft:cobblestone_slab":1,"minecraft:stone":166,"minecraft:blue_orchid":2,"cotw:darkpotburied":2,"minecraft:podzol":1,"minecraft:brown_mushroom":11,"born_in_chaos_v1:infected_deepslate_diamond_ore":1,"minecraft:crafting_table":6,"minecraft:blast_furnace":1,"minecraft:dead_bush":1,"minecraft:copper_ore":50,"minecraft:tall_grass":6,"minecraft:cobblestone":9,"minecraft:deepslate_gold_ore":8,"minecraft:lily_pad":1,"minecraft:sugar_cane":5,"minecraft:diorite":41,"minecraft:wall_torch":1,"minecraft:spruce_stairs":3,"minecraft:magenta_bed":8,"minecraft:wheat":11,"minecraft:spruce_log":1,"weeping_angels:kontron_ore":8,"minecraft:birch_leaves":1,"minecraft:grass":10,"minecraft:coal_ore":103,"minecraft:sand":1,"quark:spruce_chest":1,"minecraft:gravel":19,"minecraft:dripstone_block":1,"minecraft:dirt":8,"minecraft:cracked_stone_bricks":1,"minecraft:oak_leaves":2,"minecraft:deepslate":10,"minecraft:fern":1},"minecraft:dropped":{"minecraft:dark_oak_stairs":11,"minecraft:wheat_seeds":1,"cotw:witherstone":4,"minecraft:crossbow":1,"minecraft:cobblestone":43,"minecraft:lantern":2,"minecraft:cracked_stone_bricks":1,"the_slumbering_omen:scoutspine":1,"minecraft:dirt":2,"minecraft:dark_oak_fence":1,"minecraft:white_banner":5,"minecraft:iron_pickaxe":1,"minecraft:lily_pad":2,"the_slumbering_omen:scoutlens":1,"minecraft:tuff":1,"the_slumbering_omen:irestoneshard":3,"the_slumbering_omen:voidmatter":4,"minecraft:pointed_dripstone":7,"minecraft:stone_shovel":1,"minecraft:rotten_flesh":9,"minecraft:oak_planks":5,"the_slumbering_omen:scoutrazorclaw":2,"minecraft:cooked_mutton":6,"minecraft:white_bed":3,"minecraft:spruce_trapdoor":1,"minecraft:andesite":17,"minecraft:mossy_stone_bricks":24,"born_in_chaos_v1:corpse_maggot":3,"minecraft:oak_sapling":3,"born_in_chaos_v1:diamond_termite_shard":4,"minecraft:stone_bricks":12,"minecraft:arrow":1,"minecraft:blue_orchid":2},"minecraft:crafted":{"minecraft:wooden_sword":1,"minecraft:smooth_stone":3,"minecraft:stone_shovel":1,"minecraft:furnace":1,"minecraft:blast_furnace":1,"minecraft:stone":3,"minecraft:cooked_mutton":6,"minecraft:stone_pickaxe":2,"quark:spruce_chest":2,"sophisticatedbackpacks:backpack":1,"minecraft:crafting_table":3,"minecraft:spruce_planks":88,"slashblade:slashblade":1,"minecraft:iron_helmet":1,"minecraft:wooden_pickaxe":1,"minecraft:baked_potato":32,"minecraft:copper_ingot":132,"minecraft:campfire":1,"minecraft:stone_axe":2,"minecraft:shield":2,"minecraft:stick":64,"minecraft:iron_ingot":54,"minecraft:iron_pickaxe":1,"minecraft:wooden_axe":1,"minecraft:iron_leggings":1,"minecraft:torch":244}},"DataVersion":3120}