{"stats":{"minecraft:killed":{"minecraft:pig":4,"born_in_chaos_v1:decrepit_skeleton":1,"minecraft:sheep":1,"minecraft:skeleton":2,"minecraft:zombie":1,"born_in_chaos_v1:dread_hound":1,"minecraft:chicken":1,"born_in_chaos_v1:corpse_fly":4,"alexsmobs:fly":1,"minecraft:drowned":1,"apollyon:the_damned":1,"minecraft:cow":1},"minecraft:dropped":{"minecraft:smooth_stone_slab":1,"minecraft:raw_iron":1,"minecraft:rotten_flesh":2,"horror_element_mod:spider_head":1},"minecraft:mined":{"minecraft:mossy_cobblestone":1,"minecraft:oak_fence":1,"minecraft:crafting_table":5,"minecraft:granite":72,"minecraft:grass_block":2,"minecraft:campfire":2,"minecraft:copper_ore":39,"minecraft:tall_grass":22,"minecraft:cobblestone":4,"minecraft:lapis_ore":5,"minecraft:moss_block":5,"minecraft:diorite":2,"minecraft:wall_torch":1,"minecraft:spawner":1,"minecraft:birch_planks":3,"minecraft:furnace":2,"minecraft:birch_log":3,"minecraft:iron_ore":29,"weeping_angels:kontron_ore":9,"treechop:chopped_log":6,"minecraft:andesite":1,"minecraft:black_carpet":3,"minecraft:yellow_bed":1,"minecraft:grass":28,"minecraft:coal_ore":32,"minecraft:iron_bars":1,"minecraft:gravel":10,"minecraft:dirt":2,"minecraft:gray_carpet":9,"minecraft:stone":173,"horror_element_mod:spider_head":1,"minecraft:dark_oak_planks":6},"minecraft:custom":{"minecraft:interact_with_furnace":15,"minecraft:mob_kills":20,"minecraft:interact_with_crafting_table":16,"minecraft:leave_game":6,"minecraft:time_since_death":4372,"minecraft:sleep_in_bed":6,"minecraft:climb_one_cm":6857,"minecraft:time_since_rest":1855,"minecraft:sprint_one_cm":315914,"minecraft:damage_taken":3651,"minecraft:walk_one_cm":265659,"minecraft:drop":4,"minecraft:damage_dealt":3577,"minecraft:swim_one_cm":48047,"minecraft:talked_to_villager":6,"minecraft:fly_one_cm":222059,"minecraft:open_chest":4,"minecraft:crouch_one_cm":1438,"minecraft:play_time":95840,"minecraft:deaths":10,"minecraft:sneak_time":1032,"minecraft:walk_under_water_one_cm":3495,"minecraft:jump":1485,"minecraft:walk_on_water_one_cm":14277,"minecraft:total_world_time":95840,"minecraft:interact_with_smoker":5,"minecraft:fall_one_cm":34613},"minecraft:crafted":{"minecraft:cooked_beef":4,"quark:birch_chest":1,"minecraft:cooked_porkchop":9,"minecraft:crafting_table":2,"minecraft:wooden_pickaxe":1,"minecraft:furnace":2,"minecraft:birch_planks":92,"minecraft:campfire":2,"minecraft:stone_axe":2,"minecraft:stick":48,"minecraft:stone_pickaxe":3,"minecraft:wooden_axe":1,"minecraft:torch":36},"minecraft:used":{"minecraft:diorite":1,"quark:birch_chest":1,"minecraft:birch_planks":59,"minecraft:stone_pickaxe":368,"minecraft:wooden_pickaxe":28,"minecraft:rotten_flesh":1,"minecraft:torch":40,"minecraft:crafting_table":6,"minecraft:campfire":2,"minecraft:wooden_axe":51,"alexsmobs:maggot":2,"minecraft:stone_axe":146,"minecraft:cobblestone":23,"minecraft:furnace":3,"minecraft:cooked_porkchop":9,"minecraft:yellow_bed":3,"alexsmobs:animal_dictionary":1,"minecraft:cooked_beef":3},"minecraft:killed_by":{"thestarvedstalker:the_starved_stalker_aggro":1,"man:managgresive":1,"apollyon:the_damned":3,"minecraft:creeper":2,"minecraft:zombie":1,"cavenoise_overhaul:cavenoise_overhaul":1},"minecraft:broken":{"minecraft:stone_pickaxe":2,"minecraft:stone_axe":1,"minecraft:wooden_axe":1},"minecraft:picked_up":{"minecraft:birch_log":56,"minecraft:charcoal":4,"born_in_chaos_v1:corpse_maggot":5,"minecraft:crafting_table":5,"minecraft:black_carpet":4,"minecraft:cooked_beef":2,"minecraft:feather":1,"minecraft:chicken":1,"born_in_chaos_v1:monster_flesh":1,"minecraft:andesite":1,"minecraft:leather":1,"minecraft:birch_planks":2,"minecraft:yellow_bed":3,"minecraft:gunpowder":7,"minecraft:lapis_lazuli":27,"minecraft:dirt":4,"minecraft:raw_copper":139,"weeping_angels:kontron_ingot":9,"minecraft:smooth_stone_slab":1,"born_in_chaos_v1:monster_skin":1,"minecraft:bone":5,"minecraft:gray_carpet":9,"minecraft:wheat_seeds":10,"minecraft:iron_ingot":1,"minecraft:beef":1,"minecraft:moss_block":5,"minecraft:birch_sapling":13,"horror_element_mod:spider_head":1,"minecraft:oak_planks":2,"minecraft:furnace":2,"minecraft:raw_iron":29,"minecraft:stick":10,"minecraft:oak_fence":1,"minecraft:torch":4,"minecraft:gravel":9,"minecraft:porkchop":9,"minecraft:diorite":1,"minecraft:spruce_log":1,"minecraft:dark_oak_planks":6,"minecraft:rotten_flesh":5,"minecraft:granite":72,"knight_quest:kq_great_essence":1,"alexsmobs:maggot":2,"minecraft:iron_bars":1,"minecraft:coal":35,"minecraft:cobblestone":181}},"DataVersion":3120}