{"stats":{"minecraft:killed":{"minecraft:pig":4,"born_in_chaos_v1:decrepit_skeleton":1,"minecraft:skeleton":1,"minecraft:sheep":1,"minecraft:zombie":1,"born_in_chaos_v1:dread_hound":1,"minecraft:chicken":1,"born_in_chaos_v1:corpse_fly":4,"minecraft:drowned":1,"alexsmobs:fly":1,"apollyon:the_damned":1,"minecraft:cow":1},"minecraft:dropped":{"minecraft:smooth_stone_slab":1,"minecraft:raw_iron":1,"minecraft:rotten_flesh":2,"horror_element_mod:spider_head":1},"minecraft:mined":{"minecraft:mossy_cobblestone":1,"minecraft:oak_fence":1,"minecraft:crafting_table":5,"minecraft:granite":69,"minecraft:grass_block":2,"minecraft:campfire":2,"minecraft:tall_grass":22,"minecraft:copper_ore":39,"minecraft:cobblestone":4,"minecraft:lapis_ore":4,"minecraft:moss_block":5,"minecraft:diorite":2,"minecraft:wall_torch":1,"minecraft:spawner":1,"minecraft:furnace":2,"minecraft:birch_log":3,"minecraft:iron_ore":29,"weeping_angels:kontron_ore":9,"minecraft:andesite":1,"minecraft:black_carpet":3,"treechop:chopped_log":6,"minecraft:yellow_bed":1,"minecraft:grass":28,"minecraft:coal_ore":13,"minecraft:iron_bars":1,"minecraft:gravel":5,"minecraft:dirt":2,"minecraft:gray_carpet":9,"minecraft:stone":171,"horror_element_mod:spider_head":1,"minecraft:dark_oak_planks":6},"minecraft:custom":{"minecraft:interact_with_furnace":13,"minecraft:mob_kills":19,"minecraft:interact_with_crafting_table":16,"minecraft:leave_game":5,"minecraft:time_since_death":1163,"minecraft:sleep_in_bed":5,"minecraft:climb_one_cm":6391,"minecraft:time_since_rest":1185,"minecraft:sprint_one_cm":294306,"minecraft:damage_taken":2811,"minecraft:walk_one_cm":235560,"minecraft:drop":4,"minecraft:damage_dealt":3118,"minecraft:swim_one_cm":48047,"minecraft:talked_to_villager":2,"minecraft:fly_one_cm":210603,"minecraft:open_chest":4,"minecraft:crouch_one_cm":1438,"minecraft:play_time":85244,"minecraft:deaths":8,"minecraft:sneak_time":1032,"minecraft:walk_under_water_one_cm":3495,"minecraft:jump":1392,"minecraft:walk_on_water_one_cm":14073,"minecraft:interact_with_smoker":2,"minecraft:total_world_time":85244,"minecraft:fall_one_cm":31532},"minecraft:crafted":{"minecraft:cooked_beef":1,"quark:birch_chest":1,"minecraft:cooked_porkchop":9,"minecraft:crafting_table":2,"minecraft:wooden_pickaxe":1,"minecraft:furnace":2,"minecraft:birch_planks":68,"minecraft:campfire":2,"minecraft:stone_axe":2,"minecraft:stick":48,"minecraft:stone_pickaxe":3,"minecraft:wooden_axe":1,"minecraft:torch":36},"minecraft:used":{"minecraft:diorite":1,"quark:birch_chest":1,"minecraft:birch_planks":4,"minecraft:stone_pickaxe":338,"minecraft:wooden_pickaxe":28,"minecraft:rotten_flesh":1,"minecraft:torch":38,"minecraft:crafting_table":6,"minecraft:campfire":2,"minecraft:wooden_axe":51,"minecraft:stone_axe":131,"minecraft:cobblestone":23,"minecraft:furnace":3,"minecraft:cooked_porkchop":9,"minecraft:yellow_bed":3,"alexsmobs:animal_dictionary":1,"minecraft:cooked_beef":1},"minecraft:killed_by":{"thestarvedstalker:the_starved_stalker_aggro":1,"man:managgresive":1,"apollyon:the_damned":2,"minecraft:creeper":1,"minecraft:zombie":1,"cavenoise_overhaul:cavenoise_overhaul":1},"minecraft:broken":{"minecraft:stone_pickaxe":2,"minecraft:stone_axe":1,"minecraft:wooden_axe":1},"minecraft:picked_up":{"minecraft:birch_log":56,"born_in_chaos_v1:corpse_maggot":5,"minecraft:charcoal":4,"minecraft:crafting_table":5,"minecraft:black_carpet":4,"minecraft:feather":1,"born_in_chaos_v1:monster_flesh":1,"minecraft:chicken":1,"minecraft:andesite":1,"minecraft:yellow_bed":3,"minecraft:gunpowder":7,"minecraft:lapis_lazuli":23,"minecraft:dirt":4,"minecraft:raw_copper":139,"weeping_angels:kontron_ingot":9,"minecraft:smooth_stone_slab":1,"born_in_chaos_v1:monster_skin":1,"minecraft:bone":4,"minecraft:gray_carpet":9,"minecraft:wheat_seeds":10,"minecraft:beef":1,"minecraft:iron_ingot":1,"minecraft:moss_block":5,"horror_element_mod:spider_head":1,"minecraft:birch_sapling":13,"minecraft:oak_planks":2,"minecraft:furnace":2,"minecraft:stick":10,"minecraft:raw_iron":29,"minecraft:oak_fence":1,"minecraft:torch":4,"minecraft:gravel":4,"minecraft:porkchop":9,"minecraft:diorite":1,"minecraft:spruce_log":1,"minecraft:dark_oak_planks":6,"minecraft:rotten_flesh":5,"minecraft:granite":69,"knight_quest:kq_great_essence":1,"alexsmobs:maggot":2,"minecraft:coal":16,"minecraft:iron_bars":1,"minecraft:cobblestone":179}},"DataVersion":3120}