{"stats":{"minecraft:picked_up":{"born_in_chaos_v1:corpse_maggot":1,"minecraft:crafting_table":5,"minecraft:andesite":20,"minecraft:leather":1,"minecraft:brown_mushroom":9,"minecraft:flint":3,"minecraft:gunpowder":1,"minecraft:dirt":7,"minecraft:moss_carpet":1,"minecraft:lantern":1,"minecraft:raw_copper":164,"minecraft:polished_granite":1,"weeping_angels:kontron_ingot":2,"tacz:ammo":180,"minecraft:cracked_stone_bricks":1,"minecraft:raw_gold":3,"minecraft:cobbled_deepslate":6,"minecraft:spruce_planks":2,"minecraft:iron_ingot":3,"minecraft:beef":2,"minecraft:cobblestone_slab":1,"minecraft:iron_pickaxe":1,"minecraft:spruce_trapdoor":2,"minecraft:stick":3,"minecraft:raw_iron":47,"minecraft:sweet_berries":22,"minecraft:torch":3,"minecraft:redstone":1,"minecraft:spruce_stairs":3,"minecraft:gravel":17,"minecraft:spruce_fence":3,"minecraft:diorite":43,"minecraft:spruce_sapling":4,"minecraft:white_bed":7,"minecraft:spruce_log":21,"minecraft:mossy_cobblestone":11,"tconstruct:sky_slime_ball":1,"minecraft:stone_shovel":1,"tacz:modern_kinetic_gun":1,"minecraft:soul_lantern":1,"minecraft:granite":30,"minecraft:coal":83,"minecraft:mutton":2,"minecraft:bricks":3,"minecraft:bone_block":9,"minecraft:white_wool":1,"minecraft:cobblestone":176},"minecraft:dropped":{"minecraft:stone_shovel":1,"minecraft:cobblestone":2,"minecraft:cracked_stone_bricks":1,"minecraft:white_bed":1,"minecraft:andesite":13,"minecraft:spruce_trapdoor":1,"minecraft:iron_pickaxe":1},"minecraft:killed":{"weeping_angels:weeping_angel":1,"boh:rake":1,"minecraft:witch":1,"born_in_chaos_v1:maggot":1,"minecraft:skeleton":1,"minecraft:sheep":1,"the_slumbering_omen:corruptzombie":1,"born_in_chaos_v1:zombie_fisherman":1,"minecraft:zombie":7,"the_slumbering_omen:combatscout":1,"cave_dweller:cave_dweller":1,"boh:jeff_the_killer":1,"minecraft:cow":1},"minecraft:killed_by":{"man:managgresive":1,"the_slumbering_omen:combatscout":1,"minecraft:creeper":1,"minecraft:zombie":1,"cavenoise_overhaul:cavenoise_overhaul":1},"minecraft:crafted":{"minecraft:smooth_stone":3,"minecraft:stone_shovel":1,"minecraft:crafting_table":2,"minecraft:spruce_planks":52,"minecraft:wooden_pickaxe":1,"minecraft:baked_potato":32,"minecraft:iron_helmet":1,"minecraft:furnace":1,"minecraft:blast_furnace":1,"minecraft:copper_ingot":46,"minecraft:stone":3,"minecraft:stone_axe":1,"minecraft:shield":1,"minecraft:stick":40,"minecraft:iron_ingot":10,"minecraft:iron_pickaxe":1,"minecraft:stone_pickaxe":1,"minecraft:wooden_axe":1,"minecraft:torch":92},"minecraft:custom":{"minecraft:interact_with_smithing_table":1,"lootr:looted_stat":36,"minecraft:interact_with_furnace":14,"minecraft:mob_kills":16,"minecraft:traded_with_villager":1,"minecraft:interact_with_crafting_table":11,"minecraft:interact_with_loom":1,"minecraft:interact_with_grindstone":2,"minecraft:leave_game":2,"minecraft:time_since_death":9776,"minecraft:sleep_in_bed":9,"minecraft:climb_one_cm":698,"minecraft:time_since_rest":2861,"minecraft:sprint_one_cm":420866,"minecraft:damage_taken":2216,"minecraft:walk_one_cm":249299,"minecraft:damage_blocked_by_shield":950,"minecraft:drop":7,"minecraft:damage_dealt":2772,"minecraft:swim_one_cm":46569,"minecraft:talked_to_villager":7,"minecraft:fly_one_cm":253601,"minecraft:player_kills":2,"minecraft:open_chest":7,"minecraft:crouch_one_cm":928,"minecraft:play_time":105746,"minecraft:deaths":5,"minecraft:sneak_time":911,"minecraft:walk_under_water_one_cm":6997,"minecraft:jump":1729,"minecraft:interact_with_blast_furnace":6,"minecraft:walk_on_water_one_cm":57158,"minecraft:total_world_time":105746,"minecraft:fall_one_cm":28398},"minecraft:broken":{"minecraft:iron_pickaxe":1,"minecraft:wooden_axe":1},"minecraft:mined":{"minecraft:spruce_planks":2,"minecraft:white_bed":6,"minecraft:brown_mushroom":11,"minecraft:mossy_cobblestone":11,"minecraft:granite":16,"minecraft:crafting_table":5,"minecraft:spruce_trapdoor":1,"minecraft:blast_furnace":1,"minecraft:spruce_fence":3,"minecraft:dead_bush":1,"minecraft:copper_ore":43,"minecraft:tall_grass":5,"minecraft:cobblestone":6,"minecraft:spruce_leaves":20,"minecraft:deepslate_gold_ore":3,"minecraft:lily_pad":1,"minecraft:diorite":41,"minecraft:wall_torch":1,"minecraft:large_fern":5,"minecraft:spruce_stairs":3,"minecraft:iron_ore":41,"minecraft:cobbled_deepslate":2,"weeping_angels:kontron_ore":2,"minecraft:andesite":19,"minecraft:spruce_log":1,"minecraft:moss_carpet":1,"minecraft:birch_leaves":1,"minecraft:stripped_spruce_log":1,"treechop:chopped_log":4,"minecraft:grass":6,"minecraft:sculk_shrieker":1,"minecraft:coal_ore":75,"minecraft:deepslate_iron_ore":2,"minecraft:cobblestone_slab":1,"minecraft:gravel":19,"minecraft:dirt":8,"minecraft:cracked_stone_bricks":1,"minecraft:stone":138,"minecraft:deepslate":2},"minecraft:used":{"minecraft:stone_shovel":39,"minecraft:stone_pickaxe":8,"minecraft:baked_potato":1,"minecraft:shield":21,"minecraft:spruce_planks":23,"minecraft:wooden_pickaxe":15,"minecraft:iron_sword":8,"minecraft:iron_chestplate":1,"minecraft:torch":93,"minecraft:crafting_table":7,"minecraft:blast_furnace":1,"minecraft:white_bed":5,"minecraft:granite":1,"born_in_chaos_v1:corpse_maggot":1,"minecraft:wooden_axe":57,"minecraft:apple":19,"minecraft:bread":17,"minecraft:iron_pickaxe":397,"minecraft:iron_helmet":1,"minecraft:iron_boots":1,"minecraft:stone_axe":43,"minecraft:cobblestone":29,"minecraft:sweet_berries":6,"minecraft:andesite":7,"minecraft:potato":4}},"DataVersion":3120}